,Week,Team,Player,Slot,Pos,Status,Proj,Actual
0,1,1,Alvin Kamara,2,RB,ACTIVE,21.168969965000002,23.900000000000002
1,1,1,Travis Kelce,6,TE,ACTIVE,16.695729236000002,11.8
2,1,1,Antonio Brown,20,Bench,ACTIVE,0.0,0.0
3,1,1,T.Y. Hilton,4,WR,ACTIVE,12.778991723,28.700000000000003
4,1,1,Brandin Cooks,4,WR,ACTIVE,14.4448739558,5.9
5,1,1,Marlon Mack,2,RB,ACTIVE,11.048374284,25.400000000000002
6,1,1,Calvin Ridley,4,WR,QUESTIONABLE,11.473387047600001,16.4
7,1,1,Derrius Guice,20,Bench,ACTIVE,12.716159191,6.8
8,1,1,Carson Wentz,0,QB,QUESTIONABLE,19.252510704000002,25.02
9,1,1,Greg Zuerlein,17,K,ACTIVE,8.850359823,14.0
10,1,1,Courtland Sutton,20,Bench,ACTIVE,10.270137750000002,19.0
11,1,1,Emmanuel Sanders,20,Bench,ACTIVE,11.967789206199997,19.6
12,1,1,Broncos D/ST,16,Def,NA,6.387916346999999,-1.0
13,1,1,Matt Breida,20,Bench,ACTIVE,10.676773924999999,3.7
14,1,1,Tyrell Williams,23,Flex,QUESTIONABLE,12.449865289,22.5
15,1,2,Saquon Barkley,2,RB,ACTIVE,23.115309344000003,17.9
16,1,2,Melvin Gordon,20,Bench,ACTIVE,0.0,0.0
17,1,2,Mike Evans,4,WR,QUESTIONABLE,15.970178675,4.800000000000001
18,1,2,Julian Edelman,4,WR,QUESTIONABLE,16.3783064643,16.380000000000003
19,1,2,Aaron Jones,2,RB,ACTIVE,12.515832916,4.9
20,1,2,Tyler Lockett,4,WR,ACTIVE,12.711331242000002,11.4
21,1,2,DJ Moore,23,Flex,QUESTIONABLE,13.0054759258,12.600000000000001
22,1,2,Baker Mayfield,0,QB,ACTIVE,16.5818363087,9.4
23,1,2,Hunter Henry,6,TE,ACTIVE,9.973743067,10.0
24,1,2,Tarik Cohen,20,Bench,ACTIVE,11.224650223000001,12.9
25,1,2,Robby Anderson,20,Bench,ACTIVE,11.4139816439,5.300000000000001
26,1,2,Will Fuller V,20,Bench,QUESTIONABLE,9.371417284000001,8.9
27,1,2,Justin Tucker,17,K,ACTIVE,9.188039148000001,11.0
28,1,2,James Washington,20,Bench,ACTIVE,9.096815221,7.1000000000000005
29,1,2,Rams D/ST,16,Def,NA,5.360821408,9.0
30,1,3,Le'Veon Bell,2,RB,ACTIVE,15.869068654000001,23.2
31,1,3,Zach Ertz,6,TE,QUESTIONABLE,13.174507136,10.4
32,1,3,Derrick Henry,20,Bench,ACTIVE,13.800856158999999,28.9
33,1,3,Sony Michel,23,Flex,ACTIVE,11.883758334,1.4000000000000001
34,1,3,Jarvis Landry,4,WR,QUESTIONABLE,11.439377167900002,11.7
35,1,3,Bears D/ST,16,Def,NA,7.452470389,11.0
36,1,3,Austin Ekeler,2,RB,ACTIVE,15.941498371,39.400000000000006
37,1,3,Harrison Butker,17,K,ACTIVE,8.55210729,17.0
38,1,3,Austin Hooper,20,Bench,ACTIVE,9.3281575482,16.7
39,1,3,Tom Brady,20,Bench,ACTIVE,18.217252347,25.64
40,1,3,Allen Robinson II,4,WR,ACTIVE,12.871781834,17.200000000000003
41,1,3,Deshaun Watson,0,QB,ACTIVE,21.472903705999997,30.72
42,1,3,Drew Brees,20,Bench,ACTIVE,18.527284889700002,20.8
43,1,3,Tyreek Hill,4,WR,ACTIVE,17.293652672799997,4.1
44,1,3,James White,20,Bench,ACTIVE,13.946106435,13.2
45,1,4,DeAndre Hopkins,4,WR,QUESTIONABLE,19.708130214,31.1
46,1,4,Ezekiel Elliott,2,RB,ACTIVE,21.358941569,13.3
47,1,4,Keenan Allen,4,WR,ACTIVE,15.9350595261,26.3
48,1,4,Dalvin Cook,2,RB,ACTIVE,16.58289751,26.0
49,1,4,Kenny Golladay,4,WR,ACTIVE,13.994063941699999,14.2
50,1,4,O.J. Howard,6,TE,ACTIVE,10.321463142,5.2
51,1,4,A.J. Green,20,Bench,QUESTIONABLE,0.0,0.0
52,1,4,Josh Gordon,20,Bench,OUT,12.702891195,16.3
53,1,4,Russell Wilson,0,QB,ACTIVE,18.188465750000002,16.6
54,1,4,Tevin Coleman,20,Bench,ACTIVE,11.655203211,7.600000000000001
55,1,4,Jared Goff,20,Bench,ACTIVE,17.2441300371,9.440000000000001
56,1,4,Stephen Gostkowski,17,K,QUESTIONABLE,8.335949909,16.0
57,1,4,Keke Coutee,20,Bench,ACTIVE,7.415387510400001,0.0
58,1,4,Leonard Fournette,23,Flex,QUESTIONABLE,17.448394424,11.400000000000002
59,1,4,Saints D/ST,16,Def,NA,6.791116378,4.0
60,1,5,James Conner,2,RB,QUESTIONABLE,15.23473426,10.5
61,1,5,Julio Jones,4,WR,ACTIVE,16.8534972319,15.1
62,1,5,Adam Thielen,4,WR,ACTIVE,15.272118359199998,13.3
63,1,5,Josh Jacobs,23,Flex,QUESTIONABLE,15.641104302,24.3
64,1,5,Robert Woods,4,WR,ACTIVE,13.400926861099999,16.6
65,1,5,Mark Ingram II,2,RB,ACTIVE,14.348674559999997,22.700000000000003
66,1,5,Mike Williams,20,Bench,ACTIVE,12.6707992318,4.9
67,1,5,Evan Engram,6,TE,QUESTIONABLE,11.9676820396,28.6
68,1,5,David Montgomery,20,Bench,ACTIVE,11.130663292999998,5.5
69,1,5,Cam Newton,20,Bench,QUESTIONABLE,18.493309009,5.36
70,1,5,Jaguars D/ST,16,Def,NA,4.559513675,-8.0
71,1,5,Jake Elliott,17,K,ACTIVE,8.148878106,6.0
72,1,5,Lamar Jackson,0,QB,ACTIVE,18.852493907000003,33.56
73,1,5,Donte Moncrief,20,Bench,ACTIVE,9.860879987999999,3.7
74,1,5,Justin Jackson,20,Bench,ACTIVE,9.032645726,7.1000000000000005
75,1,6,Todd Gurley II,2,RB,ACTIVE,16.979200933999998,11.100000000000001
76,1,6,Michael Thomas,4,WR,ACTIVE,18.515716792000003,22.3
77,1,6,Patrick Mahomes,0,QB,ACTIVE,19.907314699,27.32
78,1,6,Amari Cooper,4,WR,ACTIVE,15.069220243400002,22.6
79,1,6,Cooper Kupp,4,WR,ACTIVE,12.589364008,11.600000000000001
80,1,6,Chris Carson,2,RB,QUESTIONABLE,15.637184675,24.0
81,1,6,Sammy Watkins,20,Bench,ACTIVE,10.717115397699999,46.8
82,1,6,Jared Cook,6,TE,ACTIVE,10.679145775000002,5.7
83,1,6,Bills D/ST,16,Def,NA,6.655091970999999,12.0
84,1,6,Miles Sanders,20,Bench,QUESTIONABLE,10.253761781,3.7
85,1,6,Wil Lutz,17,K,ACTIVE,9.567419632,14.0
86,1,6,Devonta Freeman,23,Flex,ACTIVE,14.335962946,4.1000000000000005
87,1,6,Kenyan Drake,20,Bench,ACTIVE,13.131430247,4.7
88,1,6,Devin Singletary,20,Bench,ACTIVE,10.116021825,14.8
89,1,6,Albert Wilson,20,Bench,ACTIVE,8.5148007327,3.4000000000000004
90,1,7,Christian McCaffrey,2,RB,ACTIVE,20.959282922000003,42.9
91,1,7,JuJu Smith-Schuster,4,WR,ACTIVE,18.039474586,13.8
92,1,7,Kerryon Johnson,23,Flex,ACTIVE,14.968090783000003,8.200000000000001
93,1,7,Tyler Boyd,4,WR,ACTIVE,14.1355637949,14.3
94,1,7,Vance McDonald,6,TE,ACTIVE,9.575599203,6.0
95,1,7,Matt Ryan,20,Bench,ACTIVE,17.5558978004,18.560000000000002
96,1,7,Sterling Shepard,20,Bench,ACTIVE,13.8786587976,10.2
97,1,7,Marvin Jones Jr.,20,Bench,QUESTIONABLE,12.188846924,10.0
98,1,7,Eagles D/ST,16,Def,NA,8.107981258,0.0
99,1,7,Stefon Diggs,20,Bench,ACTIVE,14.331195488,5.7
100,1,7,Duke Johnson,20,Bench,ACTIVE,12.313012123,13.0
101,1,7,Robbie Gould,17,K,ACTIVE,7.9852082310000005,11.0
102,1,7,Kyler Murray,0,QB,ACTIVE,17.883930577999998,21.62
103,1,7,Joe Mixon,2,RB,ACTIVE,16.231848105,3.7
104,1,7,Odell Beckham Jr.,4,WR,QUESTIONABLE,16.2875372455,14.100000000000001
105,1,8,David Johnson,2,RB,ACTIVE,19.411101584000004,25.700000000000003
106,1,8,Davante Adams,4,WR,ACTIVE,16.944905000000002,7.6
107,1,8,Nick Chubb,2,RB,ACTIVE,17.655834067,11.5
108,1,8,George Kittle,6,TE,ACTIVE,14.889676217999998,13.4
109,1,8,Damien Williams,23,Flex,ACTIVE,12.186201061999999,18.5
110,1,8,Chris Godwin,4,WR,QUESTIONABLE,12.59416925,14.3
111,1,8,Alshon Jeffery,20,Bench,QUESTIONABLE,12.220765912000001,22.1
112,1,8,Aaron Rodgers,0,QB,ACTIVE,15.944781335999998,12.920000000000002
113,1,8,Phillip Lindsay,20,Bench,QUESTIONABLE,11.870687790000002,10.600000000000001
114,1,8,Christian Kirk,20,Bench,ACTIVE,10.338802065600001,10.4
115,1,8,Dede Westbrook,4,WR,ACTIVE,12.533759862999998,14.2
116,1,8,Ka'imi Fairbairn,17,K,ACTIVE,8.702349347,4.0
117,1,8,Vikings D/ST,16,Def,NA,4.710992034,16.0
118,1,8,Michael Gallup,20,Bench,ACTIVE,10.025585721,22.8
119,1,8,LeSean McCoy,20,Bench,ACTIVE,5.1217352325,10.3
120,2,1,Alvin Kamara,2,RB,ACTIVE,20.831770348000003,7.0
121,2,1,Travis Kelce,6,TE,ACTIVE,20.136662433999998,23.700000000000003
122,2,1,Antonio Brown,4,WR,ACTIVE,13.295201381999998,16.1
123,2,1,T.Y. Hilton,4,WR,ACTIVE,13.342860080000003,14.3
124,2,1,Brandin Cooks,4,WR,ACTIVE,14.374831336400002,16.6
125,2,1,Marlon Mack,2,RB,ACTIVE,13.105331906,8.3
126,2,1,Calvin Ridley,20,Bench,QUESTIONABLE,12.521611156399999,24.5
127,2,1,Carson Wentz,0,QB,QUESTIONABLE,20.084051547,17.54
128,2,1,Greg Zuerlein,17,K,ACTIVE,9.552016739,9.0
129,2,1,Courtland Sutton,20,Bench,ACTIVE,11.364838339,8.0
130,2,1,Emmanuel Sanders,20,Bench,ACTIVE,10.6670846403,28.8
131,2,1,Matt Breida,20,Bench,ACTIVE,12.74031163,14.200000000000001
132,2,1,Tyrell Williams,23,Flex,QUESTIONABLE,14.794147071000001,15.600000000000001
133,2,1,Texans D/ST,16,Def,NA,8.603956333,12.0
134,2,1,Chris Thompson,20,Bench,ACTIVE,11.624174305999999,10.100000000000001
135,2,2,Saquon Barkley,2,RB,ACTIVE,23.028357559,22.500000000000004
136,2,2,Melvin Gordon,20,Bench,ACTIVE,0.0,0.0
137,2,2,Mike Evans,4,WR,QUESTIONABLE,14.019683288,10.100000000000001
138,2,2,Julian Edelman,4,WR,QUESTIONABLE,13.8003693567,9.2
139,2,2,Aaron Jones,2,RB,ACTIVE,14.21299489,25.0
140,2,2,Tyler Lockett,23,Flex,ACTIVE,12.074937621700002,17.9
141,2,2,DJ Moore,4,WR,QUESTIONABLE,13.0508605373,17.9
142,2,2,Baker Mayfield,20,Bench,ACTIVE,17.7778331736,15.0
143,2,2,Tarik Cohen,20,Bench,ACTIVE,11.235898653000001,4.5
144,2,2,Justin Tucker,17,K,ACTIVE,9.548998216000001,13.0
145,2,2,Jamison Crowder,20,Bench,ACTIVE,11.909170786799999,8.0
146,2,2,Dak Prescott,0,QB,ACTIVE,19.462384585000002,27.659999999999997
147,2,2,Marquise Brown,20,Bench,QUESTIONABLE,8.707622675000001,16.6
148,2,2,Delanie Walker,6,TE,QUESTIONABLE,9.126807917999999,7.9
149,2,2,Cowboys D/ST,16,Def,NA,7.738624553,3.0
150,2,3,Le'Veon Bell,20,Bench,ACTIVE,19.124411305000002,20.900000000000002
151,2,3,Zach Ertz,6,TE,QUESTIONABLE,14.519917026,17.2
152,2,3,Derrick Henry,2,RB,ACTIVE,15.319959148000002,17.400000000000002
153,2,3,Sony Michel,23,Flex,ACTIVE,11.968553161,12.3
154,2,3,Jarvis Landry,4,WR,QUESTIONABLE,11.905117945399999,6.2
155,2,3,Bears D/ST,16,Def,NA,6.048523467000001,5.0
156,2,3,Austin Ekeler,2,RB,ACTIVE,16.789621910000005,23.3
157,2,3,Harrison Butker,17,K,ACTIVE,9.082494206,4.0
158,2,3,Tom Brady,0,QB,ACTIVE,19.995238294099998,24.66
159,2,3,Allen Robinson II,4,WR,ACTIVE,12.815590617,8.100000000000001
160,2,3,Deshaun Watson,20,Bench,ACTIVE,18.676715675,12.86
161,2,3,Tyreek Hill,20,Bench,ACTIVE,0.0,0.0
162,2,3,James White,20,Bench,ACTIVE,12.207303143999999,11.9
163,2,3,DeSean Jackson,4,WR,ACTIVE,11.716223531100002,0.0
164,2,3,Jimmy Graham,20,Bench,ACTIVE,8.315459717,0.0
165,2,4,DeAndre Hopkins,4,WR,QUESTIONABLE,15.97145123,9.0
166,2,4,Ezekiel Elliott,2,RB,ACTIVE,21.697060164000003,20.0
167,2,4,Keenan Allen,4,WR,ACTIVE,18.3898028518,17.8
168,2,4,Dalvin Cook,2,RB,ACTIVE,15.903669794999999,28.099999999999998
169,2,4,Kenny Golladay,4,WR,ACTIVE,12.393973239,25.700000000000003
170,2,4,O.J. Howard,6,TE,ACTIVE,8.450672377999998,0.0
171,2,4,A.J. Green,20,Bench,QUESTIONABLE,0.0,0.0
172,2,4,Josh Gordon,20,Bench,OUT,11.589730865,3.9000000000000004
173,2,4,Russell Wilson,0,QB,ACTIVE,17.879610561,24.2
174,2,4,Stephen Gostkowski,17,K,QUESTIONABLE,8.182540561000001,6.0
175,2,4,Leonard Fournette,23,Flex,QUESTIONABLE,15.583707274,12.7
176,2,4,Ravens D/ST,16,Def,NA,9.538708694,5.0
177,2,4,Darren Waller,20,Bench,QUESTIONABLE,11.391620026,12.3
178,2,4,Danny Amendola,20,Bench,ACTIVE,9.4033775315,0.0
179,2,4,Drew Brees,20,Bench,ACTIVE,17.0164522983,-0.48
180,2,5,James Conner,2,RB,QUESTIONABLE,16.954790162000002,13.5
181,2,5,Julio Jones,4,WR,ACTIVE,19.132007059000003,27.6
182,2,5,Adam Thielen,4,WR,ACTIVE,15.362609969000001,12.5
183,2,5,Josh Jacobs,23,Flex,QUESTIONABLE,16.705936523000002,9.9
184,2,5,Robert Woods,4,WR,ACTIVE,14.424464042500002,6.2
185,2,5,Mark Ingram II,2,RB,ACTIVE,12.827068136000001,9.7
186,2,5,Mike Williams,20,Bench,ACTIVE,9.9709293138,11.3
187,2,5,Evan Engram,6,TE,QUESTIONABLE,12.629873858500002,10.8
188,2,5,David Montgomery,20,Bench,ACTIVE,9.995138243,13.799999999999999
189,2,5,Cam Newton,20,Bench,QUESTIONABLE,19.030975859,11.32
190,2,5,Jaguars D/ST,16,Def,NA,6.855366634000001,10.0
191,2,5,Jake Elliott,17,K,ACTIVE,8.403043547000001,7.0
192,2,5,Lamar Jackson,0,QB,ACTIVE,19.894536092000003,30.880000000000003
193,2,5,Justin Jackson,20,Bench,ACTIVE,9.210039426,7.4
194,2,5,John Ross III,20,Bench,ACTIVE,11.587276209899999,21.200000000000003
195,2,6,Todd Gurley II,2,RB,ACTIVE,13.740985384,15.700000000000001
196,2,6,Michael Thomas,4,WR,ACTIVE,18.462936074,18.9
197,2,6,Patrick Mahomes,0,QB,ACTIVE,24.763503267000004,31.619999999999997
198,2,6,Amari Cooper,4,WR,ACTIVE,14.04726632,14.4
199,2,6,Cooper Kupp,20,Bench,ACTIVE,13.1845168129,17.6
200,2,6,Chris Carson,2,RB,QUESTIONABLE,15.233578944000001,9.7
201,2,6,Sammy Watkins,4,WR,ACTIVE,15.6444827543,10.9
202,2,6,Jared Cook,6,TE,ACTIVE,10.481514941,4.5
203,2,6,Bills D/ST,20,Bench,NA,5.980718088,6.0
204,2,6,Miles Sanders,20,Bench,QUESTIONABLE,9.504738565999999,6.700000000000001
205,2,6,Wil Lutz,17,K,ACTIVE,7.869859291999999,12.0
206,2,6,Devonta Freeman,23,Flex,ACTIVE,15.768509144999998,9.4
207,2,6,Devin Singletary,20,Bench,ACTIVE,10.868804861,11.7
208,2,6,Patriots D/ST,16,Def,NA,7.345393583,36.0
209,2,6,John Brown,20,Bench,ACTIVE,10.00093261,14.2
210,2,7,Christian McCaffrey,2,RB,ACTIVE,25.12085851,7.300000000000001
211,2,7,JuJu Smith-Schuster,4,WR,ACTIVE,16.287725085,13.4
212,2,7,Kerryon Johnson,2,RB,ACTIVE,14.518535167000001,16.8
213,2,7,Tyler Boyd,4,WR,ACTIVE,12.862739741800002,22.200000000000003
214,2,7,Matt Ryan,0,QB,ACTIVE,19.2581800994,19.1
215,2,7,Sterling Shepard,20,Bench,ACTIVE,0.0,0.0
216,2,7,Stefon Diggs,23,Flex,ACTIVE,14.6338776675,9.9
217,2,7,Duke Johnson,20,Bench,ACTIVE,11.755089366,3.1
218,2,7,Kyler Murray,20,Bench,ACTIVE,15.324695575,16.36
219,2,7,Joe Mixon,20,Bench,ACTIVE,14.839322041000003,5.7
220,2,7,Odell Beckham Jr.,4,WR,QUESTIONABLE,17.044761357499997,28.1
221,2,7,T.J. Hockenson,6,TE,QUESTIONABLE,9.138019632999999,1.7000000000000002
222,2,7,Larry Fitzgerald,20,Bench,ACTIVE,11.872501044000002,15.4
223,2,7,Panthers D/ST,16,Def,NA,7.079617660999999,7.0
224,2,7,Joey Slye,17,K,ACTIVE,7.6064396709999995,16.0
225,2,8,David Johnson,2,RB,ACTIVE,17.835364303,8.4
226,2,8,Davante Adams,4,WR,ACTIVE,16.217662293,17.6
227,2,8,Nick Chubb,2,RB,ACTIVE,18.529737393,19.8
228,2,8,George Kittle,6,TE,ACTIVE,15.58416001,8.4
229,2,8,Damien Williams,23,Flex,ACTIVE,13.885573442000002,8.600000000000001
230,2,8,Chris Godwin,4,WR,QUESTIONABLE,14.35112271,26.1
231,2,8,Alshon Jeffery,20,Bench,QUESTIONABLE,13.010422222,0.0
232,2,8,Aaron Rodgers,0,QB,ACTIVE,17.147755214,14.36
233,2,8,Phillip Lindsay,20,Bench,QUESTIONABLE,13.088183646999997,10.6
234,2,8,Christian Kirk,20,Bench,ACTIVE,11.2274643158,17.4
235,2,8,Dede Westbrook,20,Bench,ACTIVE,10.8116786765,1.3
236,2,8,Ka'imi Fairbairn,17,K,ACTIVE,9.257032068,7.0
237,2,8,Vikings D/ST,16,Def,NA,5.998254913,6.0
238,2,8,Michael Gallup,4,WR,ACTIVE,10.320334534999999,12.8
239,2,8,LeSean McCoy,20,Bench,ACTIVE,11.649896307,5.300000000000001
240,3,1,Alvin Kamara,2,RB,ACTIVE,19.382671975,37.1
241,3,1,Travis Kelce,6,TE,ACTIVE,18.276439655,15.9
242,3,1,Antonio Brown,20,Bench,ACTIVE,0.0,
243,3,1,T.Y. Hilton,4,WR,ACTIVE,13.288835086,20.5
244,3,1,Brandin Cooks,4,WR,ACTIVE,12.7663328408,20.0
245,3,1,Marlon Mack,2,RB,ACTIVE,13.967378835000003,16.8
246,3,1,Calvin Ridley,4,WR,QUESTIONABLE,12.2712406482,1.6
247,3,1,Greg Zuerlein,17,K,ACTIVE,9.376310512,9.0
248,3,1,Emmanuel Sanders,23,Flex,ACTIVE,13.082233647699999,3.0
249,3,1,Matt Breida,20,Bench,ACTIVE,10.229950148,10.8
250,3,1,Tyrell Williams,20,Bench,QUESTIONABLE,13.054501167000002,11.9
251,3,1,Chris Thompson,20,Bench,ACTIVE,11.649975486,14.8
252,3,1,Terry McLaurin,20,Bench,QUESTIONABLE,11.815380002,19.0
253,3,1,Packers D/ST,16,Def,NA,9.516679581,14.0
254,3,1,Philip Rivers,0,QB,ACTIVE,16.8124894046,19.62
255,3,2,Saquon Barkley,2,RB,ACTIVE,20.729541731,7.7
256,3,2,Melvin Gordon,20,Bench,ACTIVE,0.0,0.0
257,3,2,Mike Evans,4,WR,QUESTIONABLE,13.524683468000001,45.0
258,3,2,Julian Edelman,4,WR,QUESTIONABLE,14.297161424699997,19.2
259,3,2,Aaron Jones,2,RB,ACTIVE,16.953427402,15.3
260,3,2,Tyler Lockett,23,Flex,ACTIVE,13.0931557873,32.4
261,3,2,DJ Moore,20,Bench,QUESTIONABLE,12.8197601028,13.399999999999999
262,3,2,Baker Mayfield,20,Bench,ACTIVE,15.9702814308,9.7
263,3,2,Tarik Cohen,20,Bench,ACTIVE,11.240145362000002,4.4
264,3,2,Justin Tucker,17,K,ACTIVE,8.411170468000002,4.0
265,3,2,Jamison Crowder,20,Bench,ACTIVE,11.625742605300001,4.5
266,3,2,Dak Prescott,0,QB,ACTIVE,21.839718853,22.54
267,3,2,Marquise Brown,4,WR,QUESTIONABLE,12.9497490124,6.9
268,3,2,Cowboys D/ST,16,Def,NA,9.329504629999999,12.0
269,3,2,T.J. Hockenson,6,TE,QUESTIONABLE,9.065036118,1.1
270,3,3,Le'Veon Bell,2,RB,ACTIVE,18.732036616,10.3
271,3,3,Derrick Henry,20,Bench,ACTIVE,14.097339000000002,11.6
272,3,3,Sony Michel,2,RB,ACTIVE,14.8885037713,7.1
273,3,3,Jarvis Landry,4,WR,QUESTIONABLE,11.8150271028,9.2
274,3,3,Bears D/ST,16,Def,NA,8.085670696,21.0
275,3,3,Harrison Butker,17,K,ACTIVE,8.760817245,10.0
276,3,3,Tom Brady,0,QB,ACTIVE,17.728547814000002,20.14
277,3,3,Allen Robinson II,4,WR,ACTIVE,12.658513388000001,12.0
278,3,3,Tyreek Hill,20,Bench,ACTIVE,0.0,0.0
279,3,3,James White,20,Bench,ACTIVE,0.0,0.0
280,3,3,Demarcus Robinson,4,WR,ACTIVE,11.278138568000001,13.3
281,3,3,Vance McDonald,20,Bench,ACTIVE,9.678384383000003,2.0
282,3,3,Zach Ertz,6,TE,QUESTIONABLE,14.273019494,10.4
283,3,3,Austin Ekeler,23,Flex,ACTIVE,18.564633886,15.1
284,3,3,Deshaun Watson,20,Bench,ACTIVE,19.000351301000002,25.840000000000003
285,3,4,DeAndre Hopkins,4,WR,QUESTIONABLE,17.10299533,12.7
286,3,4,Ezekiel Elliott,2,RB,ACTIVE,23.444226294,15.9
287,3,4,Keenan Allen,4,WR,ACTIVE,17.1109194001,43.6
288,3,4,Dalvin Cook,2,RB,ACTIVE,18.792107404,24.3
289,3,4,Kenny Golladay,4,WR,ACTIVE,14.6645610112,3.7
290,3,4,A.J. Green,20,Bench,QUESTIONABLE,0.0,0.0
291,3,4,Josh Gordon,20,Bench,OUT,11.896571626999998,14.4
292,3,4,Russell Wilson,0,QB,ACTIVE,17.982963308,41.34
293,3,4,Stephen Gostkowski,17,K,QUESTIONABLE,9.114625597,6.0
294,3,4,Leonard Fournette,23,Flex,QUESTIONABLE,16.579843449,15.200000000000001
295,3,4,Darren Waller,6,TE,QUESTIONABLE,10.666284803,27.1
296,3,4,Josh Allen,20,Bench,ACTIVE,19.405240198,18.32
297,3,4,49ers D/ST,16,Def,NA,8.434621105999998,8.0
298,3,4,Greg Olsen,20,Bench,ACTIVE,9.897533552,25.5
299,3,4,Carson Wentz,20,Bench,QUESTIONABLE,17.074183956,21.66
300,3,5,James Conner,2,RB,QUESTIONABLE,14.581324006000001,7.7
301,3,5,Julio Jones,4,WR,ACTIVE,17.3492707686,26.8
302,3,5,Adam Thielen,4,WR,ACTIVE,14.320005122000001,20.6
303,3,5,Josh Jacobs,20,Bench,QUESTIONABLE,12.790248784,4.4
304,3,5,Mark Ingram II,2,RB,ACTIVE,11.078346492,35.5
305,3,5,Mike Williams,20,Bench,ACTIVE,11.876384776700002,7.5
306,3,5,Evan Engram,6,TE,QUESTIONABLE,11.9768892287,23.3
307,3,5,David Montgomery,20,Bench,ACTIVE,12.369610124000003,11.1
308,3,5,Jaguars D/ST,16,Def,NA,7.683024770000001,15.0
309,3,5,Jake Elliott,17,K,ACTIVE,8.002035895,6.0
310,3,5,Lamar Jackson,0,QB,ACTIVE,21.064347058,21.28
311,3,5,Justin Jackson,20,Bench,ACTIVE,8.577949933000001,7.0
312,3,5,John Ross III,23,Flex,ACTIVE,11.8325066487,2.2
313,3,5,Robert Woods,4,WR,ACTIVE,12.7636435111,8.8
314,3,5,Kenyan Drake,20,Bench,ACTIVE,10.642729736999998,8.200000000000001
315,3,6,Todd Gurley II,2,RB,ACTIVE,14.852925944,4.3
316,3,6,Michael Thomas,4,WR,ACTIVE,17.343312115,16.4
317,3,6,Patrick Mahomes,0,QB,ACTIVE,22.64864629,27.86
318,3,6,Amari Cooper,4,WR,ACTIVE,13.8567456515,26.8
319,3,6,Cooper Kupp,23,Flex,ACTIVE,13.885278587200002,33.1
320,3,6,Chris Carson,2,RB,QUESTIONABLE,16.003507438,4.0
321,3,6,Sammy Watkins,4,WR,ACTIVE,15.0172399326,11.4
322,3,6,Jared Cook,6,TE,ACTIVE,8.875114756,1.7000000000000002
323,3,6,Bills D/ST,20,Bench,NA,8.984726548,12.0
324,3,6,Wil Lutz,17,K,ACTIVE,6.3613462510000005,3.0
325,3,6,Devonta Freeman,20,Bench,ACTIVE,13.502430682,12.5
326,3,6,Devin Singletary,20,Bench,ACTIVE,0.0,0.0
327,3,6,Patriots D/ST,16,Def,NA,11.51922982,15.0
328,3,6,John Brown,20,Bench,ACTIVE,10.834245784999998,9.5
329,3,6,Miles Sanders,20,Bench,QUESTIONABLE,10.687802941,12.600000000000001
330,3,7,Christian McCaffrey,2,RB,ACTIVE,23.466457561,27.8
331,3,7,JuJu Smith-Schuster,4,WR,ACTIVE,15.034336871,17.1
332,3,7,Kerryon Johnson,20,Bench,ACTIVE,13.233090815000004,11.299999999999999
333,3,7,Tyler Boyd,20,Bench,ACTIVE,13.5489094946,12.8
334,3,7,Matt Ryan,20,Bench,ACTIVE,17.8771507141,22.46
335,3,7,Stefon Diggs,4,WR,ACTIVE,12.4774577191,4.5
336,3,7,Duke Johnson,20,Bench,ACTIVE,10.334335258,4.4
337,3,7,Kyler Murray,0,QB,ACTIVE,16.753782121999997,17.82
338,3,7,Joe Mixon,20,Bench,ACTIVE,13.168240498,17.4
339,3,7,Odell Beckham Jr.,4,WR,QUESTIONABLE,18.419193139400004,11.600000000000001
340,3,7,Larry Fitzgerald,23,Flex,ACTIVE,13.336768389,14.6
341,3,7,Titans D/ST,16,Def,NA,8.667032062999999,2.0
342,3,7,Robbie Gould,17,K,ACTIVE,8.609038074,6.0
343,3,7,Phillip Lindsay,2,RB,QUESTIONABLE,13.131683805,29.0
344,3,7,Delanie Walker,6,TE,QUESTIONABLE,9.664207272,13.4
345,3,8,David Johnson,2,RB,ACTIVE,18.287131000000002,18.5
346,3,8,Davante Adams,4,WR,ACTIVE,16.193672265999997,9.600000000000001
347,3,8,Nick Chubb,2,RB,ACTIVE,17.773133740000006,17.1
348,3,8,Damien Williams,20,Bench,ACTIVE,0.0,0.0
349,3,8,Alshon Jeffery,20,Bench,QUESTIONABLE,0.0,0.0
350,3,8,Aaron Rodgers,0,QB,ACTIVE,17.866375276,13.3
351,3,8,Christian Kirk,20,Bench,ACTIVE,12.746935308500001,15.9
352,3,8,Ka'imi Fairbairn,17,K,ACTIVE,7.659157206,2.0
353,3,8,Vikings D/ST,16,Def,NA,7.723403681000001,8.0
354,3,8,Michael Gallup,20,Bench,ACTIVE,0.0,0.0
355,3,8,LeSean McCoy,23,Flex,ACTIVE,11.879122123,23.0
356,3,8,Mark Andrews,20,Bench,ACTIVE,12.725002466000001,4.5
357,3,8,DJ Chark Jr.,4,WR,ACTIVE,10.032473986,17.6
358,3,8,Chris Godwin,4,WR,QUESTIONABLE,13.520903290000001,7.0
359,3,8,George Kittle,6,TE,ACTIVE,14.084899469,11.7
360,4,1,Alvin Kamara,2,RB,ACTIVE,21.232194818000004,11.9
361,4,1,Travis Kelce,6,TE,ACTIVE,18.823381902999998,15.5
362,4,1,T.Y. Hilton,20,Bench,ACTIVE,0.0,0.0
363,4,1,Brandin Cooks,4,WR,ACTIVE,13.2157813853,13.100000000000001
364,4,1,Marlon Mack,2,RB,ACTIVE,14.972141075000001,3.9000000000000004
365,4,1,Calvin Ridley,4,WR,QUESTIONABLE,12.382059990800002,6.2
366,4,1,Greg Zuerlein,17,K,ACTIVE,10.304307989,13.0
367,4,1,Emmanuel Sanders,20,Bench,ACTIVE,11.0228435378,15.4
368,4,1,Matt Breida,20,Bench,ACTIVE,0.0,
369,4,1,Tyrell Williams,20,Bench,QUESTIONABLE,12.397624377,12.6
370,4,1,Chris Thompson,23,Flex,ACTIVE,13.66575061,10.0
371,4,1,Terry McLaurin,20,Bench,QUESTIONABLE,0.0,0.0
372,4,1,Philip Rivers,0,QB,ACTIVE,19.201647746299997,20.4
373,4,1,Sterling Shepard,4,WR,ACTIVE,13.1134432045,16.900000000000002
374,4,1,Seahawks D/ST,16,Def,NA,6.867198521,16.0
375,4,2,Saquon Barkley,20,Bench,ACTIVE,0.0,0.0
376,4,2,Melvin Gordon,20,Bench,ACTIVE,6.227891411,0.0
377,4,2,Mike Evans,4,WR,QUESTIONABLE,15.360262644,18.9
378,4,2,Julian Edelman,4,WR,QUESTIONABLE,15.948076458400001,7.0
379,4,2,Aaron Jones,2,RB,ACTIVE,14.372867741999999,17.8
380,4,2,Tyler Lockett,4,WR,ACTIVE,15.527598677,9.100000000000001
381,4,2,DJ Moore,23,Flex,QUESTIONABLE,13.490441110799999,7.4
382,4,2,Tarik Cohen,20,Bench,ACTIVE,10.586645426,9.799999999999999
383,4,2,Justin Tucker,17,K,ACTIVE,8.568205213999999,6.0
384,4,2,Dak Prescott,0,QB,ACTIVE,19.27142242,7.62
385,4,2,Marquise Brown,20,Bench,QUESTIONABLE,12.807124066899998,6.2
386,4,2,Wayne Gallman,2,RB,ACTIVE,11.992297453000003,27.8
387,4,2,Ravens D/ST,16,Def,NA,6.765458135000001,-6.0
388,4,2,Darrel Williams,20,Bench,QUESTIONABLE,11.343244637000002,18.6
389,4,2,Will Dissly,6,TE,QUESTIONABLE,8.348772041,18.7
390,4,3,Le'Veon Bell,20,Bench,ACTIVE,0.0,
391,4,3,Derrick Henry,2,RB,ACTIVE,14.846337581999999,11.8
392,4,3,Sony Michel,20,Bench,ACTIVE,9.059785550900001,6.300000000000001
393,4,3,Jarvis Landry,4,WR,QUESTIONABLE,12.5665554892,24.7
394,4,3,Bears D/ST,16,Def,NA,7.660708406,17.0
395,4,3,Harrison Butker,17,K,ACTIVE,8.590530325,10.0
396,4,3,Tom Brady,20,Bench,ACTIVE,16.9307453083,3.7
397,4,3,Allen Robinson II,4,WR,ACTIVE,12.39639,14.7
398,4,3,Tyreek Hill,20,Bench,ACTIVE,0.0,0.0
399,4,3,James White,2,RB,ACTIVE,12.652400921,13.8
400,4,3,Demarcus Robinson,4,WR,ACTIVE,11.444933026000001,7.5
401,4,3,Vance McDonald,20,Bench,ACTIVE,0.0,0.0
402,4,3,Zach Ertz,6,TE,QUESTIONABLE,13.862441685999999,13.5
403,4,3,Austin Ekeler,23,Flex,ACTIVE,20.17567258,29.2
404,4,3,Deshaun Watson,0,QB,ACTIVE,21.299877572,11.600000000000001
405,4,4,DeAndre Hopkins,4,WR,QUESTIONABLE,17.697589223,7.1000000000000005
406,4,4,Ezekiel Elliott,2,RB,ACTIVE,20.490874718000004,16.5
407,4,4,Keenan Allen,4,WR,ACTIVE,22.072261545900002,9.8
408,4,4,Dalvin Cook,2,RB,ACTIVE,18.389983535,19.0
409,4,4,Kenny Golladay,4,WR,ACTIVE,14.1621864081,23.7
410,4,4,A.J. Green,20,Bench,QUESTIONABLE,0.0,0.0
411,4,4,Josh Gordon,20,Bench,OUT,12.813810189400002,7.6000000000000005
412,4,4,Russell Wilson,0,QB,ACTIVE,20.672554627,14.3
413,4,4,Stephen Gostkowski,17,K,QUESTIONABLE,7.545654260999999,4.0
414,4,4,Leonard Fournette,23,Flex,QUESTIONABLE,16.468432,26.5
415,4,4,Darren Waller,6,TE,QUESTIONABLE,13.06748538,12.3
416,4,4,Greg Olsen,20,Bench,ACTIVE,12.101754922,2.5
417,4,4,Carson Wentz,20,Bench,QUESTIONABLE,17.633102403,19.700000000000003
418,4,4,Daniel Jones,20,Bench,ACTIVE,18.292437706,12.3
419,4,4,Rams D/ST,16,Def,NA,7.611619620000001,0.0
420,4,5,James Conner,2,RB,QUESTIONABLE,17.042227456,26.5
421,4,5,Julio Jones,4,WR,ACTIVE,17.887399102599996,9.3
422,4,5,Adam Thielen,4,WR,ACTIVE,13.9118310389,2.6
423,4,5,Josh Jacobs,23,Flex,QUESTIONABLE,13.022838609000003,12.8
424,4,5,Mark Ingram II,2,RB,ACTIVE,14.717001542,8.100000000000001
425,4,5,Mike Williams,20,Bench,ACTIVE,0.0,0.0
426,4,5,Evan Engram,6,TE,QUESTIONABLE,13.7044827207,9.4
427,4,5,David Montgomery,20,Bench,ACTIVE,12.126412197000002,9.700000000000001
428,4,5,Jaguars D/ST,16,Def,NA,7.941441084999999,1.0
429,4,5,Jake Elliott,17,K,ACTIVE,7.511213518000002,4.0
430,4,5,Lamar Jackson,0,QB,ACTIVE,20.351555027000003,24.480000000000004
431,4,5,Justin Jackson,20,Bench,ACTIVE,0.0,0.0
432,4,5,John Ross III,20,Bench,ACTIVE,11.8594101237,6.6
433,4,5,Robert Woods,4,WR,ACTIVE,13.017626770300001,29.400000000000002
434,4,5,Kenyan Drake,20,Bench,ACTIVE,10.786991943,10.3
435,4,6,Todd Gurley II,2,RB,ACTIVE,15.59631219,26.0
436,4,6,Michael Thomas,4,WR,ACTIVE,17.084980538,18.5
437,4,6,Patrick Mahomes,0,QB,ACTIVE,24.274363542000003,18.0
438,4,6,Amari Cooper,4,WR,ACTIVE,15.4079995857,9.8
439,4,6,Cooper Kupp,4,WR,ACTIVE,16.0331538694,26.900000000000002
440,4,6,Chris Carson,2,RB,QUESTIONABLE,14.120429513000001,18.5
441,4,6,Sammy Watkins,23,Flex,ACTIVE,16.015793675,6.4
442,4,6,Bills D/ST,20,Bench,NA,4.741048783,6.0
443,4,6,Wil Lutz,17,K,ACTIVE,7.400330072999999,14.0
444,4,6,Devonta Freeman,20,Bench,ACTIVE,13.585218420000002,18.0
445,4,6,Devin Singletary,20,Bench,ACTIVE,0.0,0.0
446,4,6,Patriots D/ST,16,Def,NA,6.958918000000001,24.0
447,4,6,Miles Sanders,20,Bench,QUESTIONABLE,10.191353784999999,7.2
448,4,6,Phillip Dorsett II,20,Bench,ACTIVE,10.1407412629,3.9
449,4,6,Austin Hooper,6,TE,ACTIVE,9.755618509,22.0
450,4,7,Christian McCaffrey,2,RB,ACTIVE,22.620449345999997,33.9
451,4,7,JuJu Smith-Schuster,4,WR,ACTIVE,14.564194611000001,4.5
452,4,7,Kerryon Johnson,20,Bench,ACTIVE,14.695468002999998,15.7
453,4,7,Tyler Boyd,4,WR,ACTIVE,15.712955694800002,6.300000000000001
454,4,7,Matt Ryan,0,QB,ACTIVE,18.5147790756,15.680000000000001
455,4,7,Stefon Diggs,20,Bench,ACTIVE,10.9317108455,15.8
456,4,7,Kyler Murray,20,Bench,ACTIVE,18.979560972,16.34
457,4,7,Joe Mixon,2,RB,ACTIVE,13.831089099000001,10.299999999999999
458,4,7,Odell Beckham Jr.,4,WR,QUESTIONABLE,17.581124867700005,4.0
459,4,7,Larry Fitzgerald,23,Flex,ACTIVE,14.11722353,9.7
460,4,7,Phillip Lindsay,20,Bench,QUESTIONABLE,14.974526049,7.000000000000001
461,4,7,Delanie Walker,6,TE,QUESTIONABLE,12.155586577000001,1.4
462,4,7,Chargers D/ST,16,Def,NA,11.688854981000002,13.0
463,4,7,Mecole Hardman,20,Bench,ACTIVE,11.340969005800002,0.9
464,4,7,Chris Boswell,17,K,ACTIVE,8.218488386,10.0
465,4,8,David Johnson,2,RB,ACTIVE,15.886517210000001,21.9
466,4,8,Davante Adams,4,WR,ACTIVE,17.262571864,28.0
467,4,8,Nick Chubb,2,RB,ACTIVE,16.130332245,39.3
468,4,8,Damien Williams,20,Bench,ACTIVE,0.0,0.0
469,4,8,Alshon Jeffery,20,Bench,QUESTIONABLE,12.132307902,12.8
470,4,8,Aaron Rodgers,0,QB,ACTIVE,18.219445694,25.48
471,4,8,Christian Kirk,4,WR,ACTIVE,13.861451965299999,8.3
472,4,8,Ka'imi Fairbairn,17,K,ACTIVE,8.45106962,3.0
473,4,8,Vikings D/ST,16,Def,NA,6.425561085,5.0
474,4,8,Michael Gallup,20,Bench,ACTIVE,0.0,0.0
475,4,8,LeSean McCoy,23,Flex,ACTIVE,12.265261959999998,16.900000000000002
476,4,8,Mark Andrews,6,TE,ACTIVE,12.18293898,13.1
477,4,8,DJ Chark Jr.,20,Bench,ACTIVE,11.433522014000001,8.4
478,4,8,Chris Godwin,4,WR,QUESTIONABLE,13.555489916,41.2
479,4,8,George Kittle,20,Bench,ACTIVE,0.0,
480,5,1,Alvin Kamara,2,RB,ACTIVE,21.312009223,16.919999999999998
481,5,1,Travis Kelce,6,TE,ACTIVE,17.603889457,11.0
482,5,1,T.Y. Hilton,4,WR,ACTIVE,16.242224798000002,7.7
483,5,1,Brandin Cooks,4,WR,ACTIVE,13.755169569400001,6.6000000000000005
484,5,1,Marlon Mack,2,RB,ACTIVE,13.581071242000002,17.800000000000004
485,5,1,Calvin Ridley,20,Bench,QUESTIONABLE,12.192091825899999,19.8
486,5,1,Greg Zuerlein,17,K,ACTIVE,9.47186224,11.0
487,5,1,Emmanuel Sanders,23,Flex,ACTIVE,12.6794697394,1.9
488,5,1,Tyrell Williams,20,Bench,QUESTIONABLE,0.0,0.0
489,5,1,Terry McLaurin,20,Bench,QUESTIONABLE,11.105017591,8.100000000000001
490,5,1,Jameis Winston,0,QB,QUESTIONABLE,19.034945258,17.46
491,5,1,Eagles D/ST,16,Def,NA,11.390664158999998,36.0
492,5,1,Marquez Valdes-Scantling,4,WR,ACTIVE,13.329745506400002,2.8
493,5,1,Tevin Coleman,20,Bench,ACTIVE,10.240321299,15.700000000000001
494,5,1,Devin Singletary,20,Bench,ACTIVE,0.0,0.0
495,5,2,Saquon Barkley,20,Bench,ACTIVE,0.0,0.0
496,5,2,Melvin Gordon,23,Flex,ACTIVE,12.506399989999997,7.8
497,5,2,Mike Evans,4,WR,QUESTIONABLE,16.000220773,0.0
498,5,2,Julian Edelman,4,WR,QUESTIONABLE,14.812299942200003,25.0
499,5,2,Aaron Jones,2,RB,ACTIVE,15.160688034000001,49.2
500,5,2,Tyler Lockett,4,WR,ACTIVE,15.353958784499998,14.3
501,5,2,DJ Moore,20,Bench,QUESTIONABLE,12.1987928055,15.1
502,5,2,Justin Tucker,17,K,ACTIVE,7.777494949,16.0
503,5,2,Dak Prescott,0,QB,ACTIVE,19.469484897,23.22
504,5,2,Marquise Brown,20,Bench,QUESTIONABLE,11.760543406699998,11.2
505,5,2,Wayne Gallman,2,RB,ACTIVE,14.972290266000002,1.4000000000000001
506,5,2,Darrel Williams,20,Bench,QUESTIONABLE,3.2154071703000002,0.0
507,5,2,Will Dissly,6,TE,QUESTIONABLE,10.145787885999999,12.8
508,5,2,Titans D/ST,16,Def,NA,8.854895072,8.0
509,5,2,Sterling Shepard,20,Bench,ACTIVE,13.104321691400001,9.7
510,5,3,Le'Veon Bell,23,Flex,ACTIVE,17.380870059,15.8
511,5,3,Derrick Henry,2,RB,ACTIVE,16.012205703,13.8
512,5,3,Sony Michel,20,Bench,ACTIVE,13.408321672400001,21.3
513,5,3,Jarvis Landry,4,WR,QUESTIONABLE,13.695843149500002,11.5
514,5,3,Bears D/ST,16,Def,NA,8.427199486,3.0
515,5,3,Harrison Butker,17,K,ACTIVE,9.563486207,7.0
516,5,3,Tom Brady,0,QB,ACTIVE,18.157463299299998,23.92
517,5,3,Allen Robinson II,4,WR,ACTIVE,13.344959408,28.700000000000003
518,5,3,Tyreek Hill,20,Bench,ACTIVE,0.0,0.0
519,5,3,James White,20,Bench,ACTIVE,14.555486354000001,13.2
520,5,3,Demarcus Robinson,4,WR,ACTIVE,10.563811109999998,6.1
521,5,3,Vance McDonald,20,Bench,ACTIVE,7.667324585999999,6.4
522,5,3,Zach Ertz,6,TE,QUESTIONABLE,13.008032486,16.7
523,5,3,Austin Ekeler,2,RB,ACTIVE,14.45159657,22.299999999999997
524,5,3,Deshaun Watson,20,Bench,ACTIVE,20.235981388,41.739999999999995
525,5,4,DeAndre Hopkins,4,WR,QUESTIONABLE,16.668051940999998,15.8
526,5,4,Ezekiel Elliott,2,RB,ACTIVE,21.259579277,17.1
527,5,4,Keenan Allen,4,WR,ACTIVE,17.776978702300003,5.8
528,5,4,Dalvin Cook,2,RB,ACTIVE,21.999904619,25.800000000000004
529,5,4,Kenny Golladay,20,Bench,ACTIVE,0.0,
530,5,4,A.J. Green,20,Bench,QUESTIONABLE,0.0,0.0
531,5,4,Josh Gordon,4,WR,OUT,12.687513126799999,10.9
532,5,4,Russell Wilson,0,QB,ACTIVE,19.491589031000004,29.92
533,5,4,Leonard Fournette,23,Flex,QUESTIONABLE,16.404191924,23.700000000000003
534,5,4,Darren Waller,6,TE,QUESTIONABLE,14.621915553000001,7.9
535,5,4,Greg Olsen,20,Bench,ACTIVE,10.505325337,0.0
536,5,4,Carson Wentz,20,Bench,QUESTIONABLE,17.532425758,12.06
537,5,4,Joey Slye,17,K,ACTIVE,7.649812132000001,2.0
538,5,4,Panthers D/ST,16,Def,NA,7.859319244,8.0
539,5,4,Tony Pollard,20,Bench,ACTIVE,3.8334069466,1.9000000000000001
540,5,5,James Conner,2,RB,QUESTIONABLE,15.558440215000001,11.5
541,5,5,Julio Jones,4,WR,ACTIVE,18.775061266,7.2
542,5,5,Adam Thielen,4,WR,ACTIVE,13.6861901089,32.0
543,5,5,Josh Jacobs,23,Flex,QUESTIONABLE,11.950713833,29.3
544,5,5,Mark Ingram II,2,RB,ACTIVE,13.923140035,12.9
545,5,5,Mike Williams,20,Bench,ACTIVE,10.926985699000001,13.4
546,5,5,Evan Engram,6,TE,QUESTIONABLE,14.404412066699999,10.7
547,5,5,David Montgomery,20,Bench,ACTIVE,14.246982045000001,10.6
548,5,5,Jaguars D/ST,16,Def,NA,4.745799375999999,1.0
549,5,5,Jake Elliott,17,K,ACTIVE,7.962902860999999,7.0
550,5,5,Lamar Jackson,0,QB,ACTIVE,21.022774136000002,11.440000000000001
551,5,5,Justin Jackson,20,Bench,ACTIVE,0.8609687098000001,0.0
552,5,5,Robert Woods,4,WR,ACTIVE,14.480202590600001,9.8
553,5,5,Kenyan Drake,20,Bench,ACTIVE,0.0,
554,5,5,Curtis Samuel,20,Bench,ACTIVE,11.2690995047,7.4
555,5,6,Todd Gurley II,2,RB,ACTIVE,16.651381562,18.700000000000003
556,5,6,Michael Thomas,4,WR,ACTIVE,17.112046895000002,41.2
557,5,6,Patrick Mahomes,0,QB,ACTIVE,23.748749490999998,18.54
558,5,6,Amari Cooper,4,WR,ACTIVE,14.4665790647,39.6
559,5,6,Cooper Kupp,4,WR,ACTIVE,16.634541956600003,26.700000000000003
560,5,6,Chris Carson,2,RB,QUESTIONABLE,14.613800125000003,19.3
561,5,6,Sammy Watkins,23,Flex,ACTIVE,15.086304196000002,0.0
562,5,6,Bills D/ST,20,Bench,NA,6.46666905,13.0
563,5,6,Wil Lutz,17,K,ACTIVE,8.450209903,7.0
564,5,6,Devonta Freeman,20,Bench,ACTIVE,13.394698732999998,18.0
565,5,6,Patriots D/ST,16,Def,NA,11.196016279999998,16.0
566,5,6,Miles Sanders,20,Bench,QUESTIONABLE,10.701001908,10.4
567,5,6,Austin Hooper,6,TE,ACTIVE,11.820655351000001,13.600000000000001
568,5,6,Marvin Jones Jr.,20,Bench,QUESTIONABLE,0.0,
569,5,6,Golden Tate,20,Bench,ACTIVE,10.5520051019,4.3
570,5,7,Christian McCaffrey,2,RB,ACTIVE,23.924242037,47.7
571,5,7,JuJu Smith-Schuster,20,Bench,ACTIVE,12.341542679,18.5
572,5,7,Kerryon Johnson,20,Bench,ACTIVE,0.0,
573,5,7,Tyler Boyd,23,Flex,ACTIVE,14.788881396799999,28.3
574,5,7,Matt Ryan,20,Bench,ACTIVE,19.1090793467,31.9
575,5,7,Stefon Diggs,4,WR,ACTIVE,11.124750698300002,7.4
576,5,7,Kyler Murray,0,QB,ACTIVE,19.147189393,25.42
577,5,7,Joe Mixon,2,RB,ACTIVE,14.647144665,11.9
578,5,7,Odell Beckham Jr.,4,WR,QUESTIONABLE,16.8642526119,5.0
579,5,7,Larry Fitzgerald,4,WR,ACTIVE,14.974502059000002,11.8
580,5,7,Phillip Lindsay,20,Bench,QUESTIONABLE,13.878709015,24.7
581,5,7,Delanie Walker,20,Bench,QUESTIONABLE,10.36554894,2.0
582,5,7,Chargers D/ST,16,Def,NA,7.763436892000001,12.0
583,5,7,Matt Gay,17,K,ACTIVE,8.781067732999999,7.0
584,5,7,Tyler Eifert,6,TE,ACTIVE,7.877487027,3.4000000000000004
585,5,8,David Johnson,2,RB,ACTIVE,19.437822938,18.6
586,5,8,Davante Adams,20,Bench,ACTIVE,0.0,0.0
587,5,8,Nick Chubb,2,RB,ACTIVE,19.764141091000003,10.900000000000002
588,5,8,Damien Williams,20,Bench,ACTIVE,13.422820627000002,6.800000000000001
589,5,8,Alshon Jeffery,4,WR,QUESTIONABLE,11.641465221,11.2
590,5,8,Aaron Rodgers,0,QB,ACTIVE,18.589993219,9.42
591,5,8,Christian Kirk,20,Bench,ACTIVE,0.0,0.0
592,5,8,Vikings D/ST,16,Def,NA,5.7103206900000005,14.0
593,5,8,Michael Gallup,20,Bench,ACTIVE,11.5048675,24.3
594,5,8,LeSean McCoy,20,Bench,ACTIVE,11.088271488000002,2.3000000000000003
595,5,8,Mark Andrews,6,TE,ACTIVE,14.58137938,9.5
596,5,8,DJ Chark Jr.,4,WR,ACTIVE,11.441743353,36.400000000000006
597,5,8,Chris Godwin,4,WR,QUESTIONABLE,15.570977435000001,31.5
598,5,8,George Kittle,23,Flex,ACTIVE,13.663428389,20.8
599,5,8,Zane Gonzalez,17,K,ACTIVE,7.80636458,13.0
600,6,1,Alvin Kamara,2,RB,ACTIVE,20.605786760000004,13.6
601,6,1,Travis Kelce,6,TE,ACTIVE,17.203373692000003,9.8
602,6,1,T.Y. Hilton,20,Bench,ACTIVE,0.0,
603,6,1,Brandin Cooks,4,WR,ACTIVE,12.557175342599999,6.2
604,6,1,Marlon Mack,20,Bench,ACTIVE,0.0,
605,6,1,Calvin Ridley,4,WR,QUESTIONABLE,12.534098135699999,14.8
606,6,1,Greg Zuerlein,17,K,ACTIVE,10.933725649,1.0
607,6,1,Tyrell Williams,20,Bench,QUESTIONABLE,0.0,
608,6,1,Terry McLaurin,4,WR,QUESTIONABLE,13.383262401000001,26.0
609,6,1,Tevin Coleman,20,Bench,ACTIVE,12.252963077999999,14.1
610,6,1,Cowboys D/ST,16,Def,NA,8.41136062,3.0
611,6,1,Chris Thompson,23,Flex,ACTIVE,13.898019066000003,4.0
612,6,1,Carlos Hyde,20,Bench,ACTIVE,10.066855458700001,18.0
613,6,1,Gardner Minshew II,0,QB,ACTIVE,17.207816241,4.620000000000001
614,6,1,Malcolm Brown,2,RB,ACTIVE,13.443395092,4.0
615,6,2,Saquon Barkley,20,Bench,ACTIVE,0.0,0.0
616,6,2,Melvin Gordon,2,RB,ACTIVE,16.331665526000002,7.8
617,6,2,Mike Evans,4,WR,QUESTIONABLE,14.085996134000002,20.6
618,6,2,Julian Edelman,4,WR,QUESTIONABLE,15.074138528599999,20.3
619,6,2,Aaron Jones,2,RB,ACTIVE,17.457794575,8.0
620,6,2,Tyler Lockett,4,WR,ACTIVE,14.9331120275,12.8
621,6,2,DJ Moore,23,Flex,QUESTIONABLE,14.0679183247,15.600000000000001
622,6,2,Justin Tucker,17,K,ACTIVE,7.830070771000001,13.0
623,6,2,Dak Prescott,0,QB,ACTIVE,18.414093088,18.22
624,6,2,Marquise Brown,20,Bench,QUESTIONABLE,0.0,0.0
625,6,2,Will Dissly,6,TE,QUESTIONABLE,10.925997495999999,0.0
626,6,2,Titans D/ST,16,Def,NA,7.700802376,7.0
627,6,2,Courtland Sutton,20,Bench,ACTIVE,13.050555005,11.600000000000001
628,6,2,Jordan Howard,20,Bench,QUESTIONABLE,11.309051227000001,4.9
629,6,2,Matt Breida,20,Bench,ACTIVE,10.700354124999999,10.3
630,6,3,Le'Veon Bell,23,Flex,ACTIVE,20.172680190999998,12.3
631,6,3,Derrick Henry,2,RB,ACTIVE,14.768094366,4.300000000000001
632,6,3,Sony Michel,20,Bench,ACTIVE,15.334630819,13.3
633,6,3,Jarvis Landry,4,WR,QUESTIONABLE,13.885953401500002,6.6
634,6,3,Bears D/ST,20,Bench,NA,,
635,6,3,Harrison Butker,17,K,ACTIVE,8.724403571,6.0
636,6,3,Tom Brady,0,QB,ACTIVE,19.1817654223,21.96
637,6,3,Allen Robinson II,20,Bench,ACTIVE,0.0,
638,6,3,Tyreek Hill,4,WR,ACTIVE,13.826015336200001,25.0
639,6,3,James White,20,Bench,ACTIVE,16.355611231999998,13.5
640,6,3,Demarcus Robinson,4,WR,ACTIVE,9.690736742999999,0.0
641,6,3,Zach Ertz,6,TE,QUESTIONABLE,13.932450799,7.4
642,6,3,Austin Ekeler,2,RB,ACTIVE,14.559358825999999,5.800000000000001
643,6,3,Deshaun Watson,20,Bench,ACTIVE,21.473120877,29.4
644,6,3,Packers D/ST,16,Def,NA,5.303975918000001,5.0
645,6,4,DeAndre Hopkins,4,WR,QUESTIONABLE,17.355754106,16.5
646,6,4,Ezekiel Elliott,2,RB,ACTIVE,18.689298907,26.3
647,6,4,Keenan Allen,4,WR,ACTIVE,16.2406891449,5.300000000000001
648,6,4,Dalvin Cook,2,RB,ACTIVE,21.914456809999997,13.400000000000002
649,6,4,Kenny Golladay,4,WR,ACTIVE,15.644673711000001,17.1
650,6,4,A.J. Green,20,Bench,QUESTIONABLE,0.0,0.0
651,6,4,Josh Gordon,20,Bench,OUT,12.6129448106,1.7000000000000002
652,6,4,Russell Wilson,0,QB,ACTIVE,20.361541652,28.900000000000002
653,6,4,Leonard Fournette,23,Flex,QUESTIONABLE,18.503325743,17.8
654,6,4,Darren Waller,20,Bench,QUESTIONABLE,0.0,
655,6,4,Greg Olsen,6,TE,ACTIVE,10.07727552,9.2
656,6,4,Carson Wentz,20,Bench,QUESTIONABLE,16.033822317000002,20.54
657,6,4,Joey Slye,17,K,ACTIVE,8.107836534,13.0
658,6,4,Washington D/ST,16,Def,NA,9.13677757,13.0
659,6,4,Devin Singletary,20,Bench,ACTIVE,0.0,
660,6,5,James Conner,2,RB,QUESTIONABLE,15.062133496,30.900000000000002
661,6,5,Julio Jones,4,WR,ACTIVE,17.669511304199997,18.8
662,6,5,Adam Thielen,4,WR,ACTIVE,13.712085227600001,17.7
663,6,5,Josh Jacobs,20,Bench,QUESTIONABLE,0.0,
664,6,5,Mark Ingram II,2,RB,ACTIVE,15.992628803999999,15.399999999999999
665,6,5,Mike Williams,20,Bench,ACTIVE,10.434259857599999,12.2
666,6,5,Evan Engram,20,Bench,QUESTIONABLE,0.0,0.0
667,6,5,David Montgomery,20,Bench,ACTIVE,0.0,
668,6,5,Lamar Jackson,0,QB,ACTIVE,23.468270722,30.64
669,6,5,Robert Woods,4,WR,ACTIVE,14.089344176200001,7.6
670,6,5,Kenyan Drake,23,Flex,ACTIVE,13.056067092999998,13.0
671,6,5,Curtis Samuel,20,Bench,ACTIVE,12.5431832347,23.8
672,6,5,Jared Cook,6,TE,ACTIVE,8.098590394,12.7
673,6,5,Ravens D/ST,16,Def,NA,9.076484879999999,8.0
674,6,5,Josh Lambo,17,K,ACTIVE,8.387211951,6.0
675,6,6,Todd Gurley II,20,Bench,ACTIVE,0.0,0.0
676,6,6,Michael Thomas,4,WR,ACTIVE,19.597396164000003,16.9
677,6,6,Patrick Mahomes,0,QB,ACTIVE,22.869478360000002,18.82
678,6,6,Amari Cooper,4,WR,ACTIVE,15.717017731,1.3
679,6,6,Cooper Kupp,4,WR,ACTIVE,17.829262496000002,5.7
680,6,6,Chris Carson,2,RB,QUESTIONABLE,16.961127036,25.9
681,6,6,Sammy Watkins,20,Bench,ACTIVE,0.0,0.0
682,6,6,Bills D/ST,20,Bench,NA,,
683,6,6,Wil Lutz,17,K,ACTIVE,7.280715733999998,8.0
684,6,6,Devonta Freeman,2,RB,ACTIVE,15.424474269,26.8
685,6,6,Patriots D/ST,16,Def,NA,11.728177828000002,29.0
686,6,6,Miles Sanders,20,Bench,QUESTIONABLE,12.098333498999999,18.2
687,6,6,Austin Hooper,6,TE,ACTIVE,14.856252803999999,25.700000000000003
688,6,6,Marvin Jones Jr.,23,Flex,QUESTIONABLE,11.9768596991,3.7
689,6,6,Golden Tate,20,Bench,ACTIVE,12.991354966800001,22.200000000000003
690,6,7,Christian McCaffrey,2,RB,ACTIVE,26.603568715999998,21.700000000000003
691,6,7,JuJu Smith-Schuster,20,Bench,ACTIVE,12.440809496000002,1.7000000000000002
692,6,7,Kerryon Johnson,20,Bench,ACTIVE,13.853495006,14.100000000000001
693,6,7,Tyler Boyd,4,WR,ACTIVE,15.660368111199999,4.0
694,6,7,Matt Ryan,0,QB,ACTIVE,19.9102681713,30.939999999999998
695,6,7,Stefon Diggs,20,Bench,ACTIVE,10.183619856100002,43.5
696,6,7,Kyler Murray,20,Bench,ACTIVE,19.731992836000003,28.799999999999997
697,6,7,Joe Mixon,20,Bench,ACTIVE,13.413341533,5.9
698,6,7,Odell Beckham Jr.,4,WR,QUESTIONABLE,15.061625991799998,16.1
699,6,7,Larry Fitzgerald,4,WR,ACTIVE,13.556126942,12.9
700,6,7,Phillip Lindsay,20,Bench,QUESTIONABLE,15.654515525999999,15.5
701,6,7,Delanie Walker,6,TE,QUESTIONABLE,8.445636536,7.3
702,6,7,Chargers D/ST,16,Def,NA,8.451001265,4.0
703,6,7,Matt Gay,17,K,ACTIVE,8.174912115,6.0
704,6,7,Will Fuller V,23,Flex,QUESTIONABLE,14.996867772000002,9.4
705,6,8,David Johnson,23,Flex,ACTIVE,18.229959374999996,28.2
706,6,8,Davante Adams,20,Bench,ACTIVE,0.0,0.0
707,6,8,Nick Chubb,2,RB,ACTIVE,20.042442625,28.900000000000002
708,6,8,Damien Williams,2,RB,ACTIVE,16.261948563,9.0
709,6,8,Alshon Jeffery,20,Bench,QUESTIONABLE,12.8511973559,23.6
710,6,8,Aaron Rodgers,0,QB,ACTIVE,17.994929354,18.32
711,6,8,Christian Kirk,20,Bench,ACTIVE,0.0,0.0
712,6,8,Vikings D/ST,16,Def,NA,5.690678669,5.0
713,6,8,Michael Gallup,4,WR,ACTIVE,12.660623426,8.8
714,6,8,LeSean McCoy,20,Bench,ACTIVE,7.892265117,6.4
715,6,8,Mark Andrews,20,Bench,ACTIVE,14.219117449999999,13.9
716,6,8,DJ Chark Jr.,4,WR,ACTIVE,13.514178647000001,7.3
717,6,8,Chris Godwin,4,WR,QUESTIONABLE,15.898774107000001,25.1
718,6,8,George Kittle,6,TE,ACTIVE,16.104735955500004,18.3
719,6,8,Zane Gonzalez,17,K,ACTIVE,9.098840809,10.0
720,7,1,Alvin Kamara,20,Bench,ACTIVE,0.0,0.0
721,7,1,Travis Kelce,6,TE,ACTIVE,16.118492652999997,10.4
722,7,1,T.Y. Hilton,4,WR,ACTIVE,14.594128651999998,19.4
723,7,1,Brandin Cooks,4,WR,ACTIVE,11.6554831778,9.9
724,7,1,Marlon Mack,2,RB,ACTIVE,14.415077734999999,8.600000000000001
725,7,1,Calvin Ridley,4,WR,QUESTIONABLE,13.440917325000001,7.0
726,7,1,Greg Zuerlein,17,K,ACTIVE,9.071643458,14.0
727,7,1,Tyrell Williams,20,Bench,QUESTIONABLE,0.0,0.0
728,7,1,Terry McLaurin,20,Bench,QUESTIONABLE,12.623558802000002,2.1
729,7,1,Tevin Coleman,2,RB,ACTIVE,16.242576708999994,8.1
730,7,1,Carlos Hyde,20,Bench,ACTIVE,11.4346532583,3.5
731,7,1,Josh Allen,0,QB,ACTIVE,21.719848148000004,21.28
732,7,1,Jamison Crowder,20,Bench,ACTIVE,10.984603059300001,6.6
733,7,1,Jaguars D/ST,16,Def,NA,6.650661847,20.0
734,7,1,Latavius Murray,23,Flex,ACTIVE,11.592275737,32.0
735,7,2,Saquon Barkley,2,RB,ACTIVE,22.422639187999998,17.0
736,7,2,Melvin Gordon,23,Flex,ACTIVE,14.326273667,8.899999999999999
737,7,2,Mike Evans,20,Bench,QUESTIONABLE,0.0,
738,7,2,Julian Edelman,4,WR,QUESTIONABLE,16.1849899523,13.7
739,7,2,Aaron Jones,2,RB,ACTIVE,17.856560266000002,18.3
740,7,2,Tyler Lockett,4,WR,ACTIVE,13.909759763,16.8
741,7,2,DJ Moore,20,Bench,QUESTIONABLE,0.0,
742,7,2,Justin Tucker,17,K,ACTIVE,7.195336604,12.0
743,7,2,Dak Prescott,0,QB,ACTIVE,19.420724786,20.560000000000002
744,7,2,Marquise Brown,20,Bench,QUESTIONABLE,0.0,0.0
745,7,2,Courtland Sutton,4,WR,ACTIVE,14.436739957,14.700000000000001
746,7,2,Jordan Howard,20,Bench,QUESTIONABLE,11.8702555753,7.6
747,7,2,49ers D/ST,16,Def,NA,9.650496231,14.0
748,7,2,Gerald Everett,6,TE,ACTIVE,9.343971567,15.0
749,7,2,John Brown,20,Bench,ACTIVE,11.455948660399999,19.3
750,7,3,Le'Veon Bell,2,RB,ACTIVE,18.175468805,8.6
751,7,3,Derrick Henry,2,RB,ACTIVE,16.096474305000005,17.8
752,7,3,Sony Michel,23,Flex,ACTIVE,10.682245630000002,22.4
753,7,3,Jarvis Landry,20,Bench,QUESTIONABLE,0.0,
754,7,3,Bears D/ST,20,Bench,NA,10.907216713,1.0
755,7,3,Harrison Butker,17,K,ACTIVE,8.301212041000001,12.0
756,7,3,Tom Brady,20,Bench,ACTIVE,17.5229920306,11.96
757,7,3,Allen Robinson II,4,WR,ACTIVE,12.829742613,24.700000000000003
758,7,3,Tyreek Hill,4,WR,ACTIVE,17.482072208199998,16.4
759,7,3,James White,20,Bench,ACTIVE,14.807636419000001,12.9
760,7,3,Zach Ertz,6,TE,QUESTIONABLE,14.273334032000001,5.800000000000001
761,7,3,Austin Ekeler,20,Bench,ACTIVE,13.028408057,25.5
762,7,3,Deshaun Watson,0,QB,ACTIVE,20.949458448,15.52
763,7,3,Packers D/ST,16,Def,NA,7.475409025,-3.0
764,7,3,Dede Westbrook,4,WR,ACTIVE,11.938557877800001,17.700000000000003
765,7,4,DeAndre Hopkins,4,WR,QUESTIONABLE,15.988541227,25.6
766,7,4,Ezekiel Elliott,2,RB,ACTIVE,19.937483211,26.700000000000003
767,7,4,Keenan Allen,4,WR,ACTIVE,14.3814234272,10.100000000000001
768,7,4,Dalvin Cook,2,RB,ACTIVE,20.614909784,27.900000000000002
769,7,4,Kenny Golladay,4,WR,ACTIVE,15.582336593,3.1
770,7,4,A.J. Green,20,Bench,QUESTIONABLE,0.0,0.0
771,7,4,Russell Wilson,0,QB,ACTIVE,21.881144171000003,14.34
772,7,4,Leonard Fournette,23,Flex,QUESTIONABLE,20.736861896999997,16.5
773,7,4,Darren Waller,6,TE,QUESTIONABLE,14.658724928,31.6
774,7,4,Carson Wentz,20,Bench,QUESTIONABLE,18.349986445,6.840000000000001
775,7,4,Joey Slye,20,Bench,ACTIVE,0.0,
776,7,4,Devin Singletary,20,Bench,ACTIVE,9.987802423,2.6
777,7,4,Saints D/ST,16,Def,NA,8.138978187,12.0
778,7,4,Robbie Gould,17,K,ACTIVE,8.773669561999998,8.0
779,7,4,Steelers D/ST,20,Bench,NA,,
780,7,5,James Conner,20,Bench,QUESTIONABLE,0.0,
781,7,5,Julio Jones,4,WR,ACTIVE,18.920892373599997,15.3
782,7,5,Adam Thielen,4,WR,ACTIVE,14.691081966599999,9.5
783,7,5,Josh Jacobs,2,RB,QUESTIONABLE,12.70471403,16.4
784,7,5,Mark Ingram II,2,RB,ACTIVE,13.189324585,6.300000000000001
785,7,5,Mike Williams,20,Bench,ACTIVE,11.5032066758,8.7
786,7,5,Evan Engram,6,TE,QUESTIONABLE,15.423884292199999,1.6
787,7,5,David Montgomery,20,Bench,ACTIVE,12.523874747999999,1.9000000000000001
788,7,5,Lamar Jackson,0,QB,ACTIVE,22.109439749,23.32
789,7,5,Robert Woods,4,WR,ACTIVE,13.6673450839,13.6
790,7,5,Kenyan Drake,23,Flex,ACTIVE,11.209479991000002,8.8
791,7,5,Curtis Samuel,20,Bench,ACTIVE,0.0,
792,7,5,Jared Cook,20,Bench,ACTIVE,0.0,0.0
793,7,5,Josh Lambo,17,K,ACTIVE,8.675723049,13.0
794,7,5,Texans D/ST,16,Def,NA,5.63554423,1.0
795,7,6,Todd Gurley II,2,RB,ACTIVE,17.980221022000002,12.400000000000002
796,7,6,Michael Thomas,4,WR,ACTIVE,21.050008609000002,22.1
797,7,6,Patrick Mahomes,0,QB,ACTIVE,21.071298068,7.24
798,7,6,Amari Cooper,20,Bench,ACTIVE,16.114764819,15.600000000000001
799,7,6,Cooper Kupp,4,WR,ACTIVE,17.342746409100002,11.0
800,7,6,Chris Carson,2,RB,QUESTIONABLE,18.028072652,10.4
801,7,6,Sammy Watkins,20,Bench,ACTIVE,0.0,0.0
802,7,6,Bills D/ST,20,Bench,NA,11.349782448000001,10.0
803,7,6,Wil Lutz,17,K,ACTIVE,5.927321773,8.0
804,7,6,Devonta Freeman,23,Flex,ACTIVE,15.841970950000002,4.5
805,7,6,Patriots D/ST,16,Def,NA,10.460452085,24.0
806,7,6,Miles Sanders,20,Bench,QUESTIONABLE,10.486622593000002,6.199999999999999
807,7,6,Austin Hooper,6,TE,ACTIVE,15.710191373,14.600000000000001
808,7,6,Golden Tate,4,WR,ACTIVE,11.7957953659,14.0
809,7,6,Jared Goff,20,Bench,ACTIVE,17.5443161906,25.020000000000003
810,7,7,Christian McCaffrey,20,Bench,ACTIVE,0.0,
811,7,7,JuJu Smith-Schuster,20,Bench,ACTIVE,0.0,
812,7,7,Kerryon Johnson,2,RB,ACTIVE,14.350703146,2.3000000000000003
813,7,7,Tyler Boyd,4,WR,ACTIVE,14.450312706500002,8.5
814,7,7,Matt Ryan,0,QB,ACTIVE,21.4411947632,2.5600000000000005
815,7,7,Stefon Diggs,23,Flex,ACTIVE,12.861579106799999,21.3
816,7,7,Kyler Murray,20,Bench,ACTIVE,19.861259156000003,6.960000000000001
817,7,7,Joe Mixon,20,Bench,ACTIVE,13.76771182,7.4
818,7,7,Odell Beckham Jr.,20,Bench,QUESTIONABLE,0.0,
819,7,7,Larry Fitzgerald,4,WR,ACTIVE,13.942736635,2.2
820,7,7,Phillip Lindsay,2,RB,QUESTIONABLE,16.631142732000004,4.199999999999999
821,7,7,Chargers D/ST,16,Def,NA,6.817978832,1.0
822,7,7,Will Fuller V,4,WR,QUESTIONABLE,13.706554841,1.6
823,7,7,Hunter Henry,6,TE,ACTIVE,11.189323017000001,15.700000000000001
824,7,7,Mason Crosby,17,K,ACTIVE,7.982477934,6.0
825,7,8,David Johnson,2,RB,ACTIVE,18.890907369000004,0.2
826,7,8,Davante Adams,20,Bench,ACTIVE,0.0,0.0
827,7,8,Nick Chubb,20,Bench,ACTIVE,0.0,
828,7,8,Damien Williams,2,RB,ACTIVE,8.418428989,2.6
829,7,8,Alshon Jeffery,4,WR,QUESTIONABLE,14.615422781000001,5.800000000000001
830,7,8,Aaron Rodgers,0,QB,ACTIVE,18.90216842,43.760000000000005
831,7,8,Christian Kirk,20,Bench,ACTIVE,0.0,0.0
832,7,8,Vikings D/ST,16,Def,NA,5.237689524,0.0
833,7,8,Michael Gallup,4,WR,ACTIVE,12.917122705999999,6.4
834,7,8,LeSean McCoy,20,Bench,ACTIVE,12.097605096999999,9.600000000000001
835,7,8,Mark Andrews,23,Flex,ACTIVE,16.132121663,5.9
836,7,8,DJ Chark Jr.,4,WR,ACTIVE,14.059954172,10.3
837,7,8,Chris Godwin,20,Bench,QUESTIONABLE,0.0,
838,7,8,George Kittle,6,TE,ACTIVE,14.1759163602,6.800000000000001
839,7,8,Zane Gonzalez,17,K,ACTIVE,8.28932203,10.0
840,8,1,Alvin Kamara,20,Bench,ACTIVE,0.0,0.0
841,8,1,Travis Kelce,6,TE,ACTIVE,12.989541271,16.3
842,8,1,T.Y. Hilton,4,WR,ACTIVE,13.684567929,7.4
843,8,1,Brandin Cooks,4,WR,ACTIVE,12.045228641,0.0
844,8,1,Marlon Mack,2,RB,ACTIVE,14.091874552999998,16.0
845,8,1,Calvin Ridley,20,Bench,QUESTIONABLE,10.827883805,13.0
846,8,1,Greg Zuerlein,17,K,ACTIVE,9.65413171,6.0
847,8,1,Tyrell Williams,23,Flex,QUESTIONABLE,13.866159166000001,18.1
848,8,1,Terry McLaurin,20,Bench,QUESTIONABLE,12.689847251,7.9
849,8,1,Tevin Coleman,2,RB,ACTIVE,15.151422873,37.8
850,8,1,Josh Allen,0,QB,ACTIVE,20.212879506,17.259999999999998
851,8,1,Jamison Crowder,20,Bench,ACTIVE,11.2664211665,5.4
852,8,1,Rams D/ST,16,Def,NA,9.172910156,6.0
853,8,1,Golden Tate,4,WR,ACTIVE,13.2644511753,16.5
854,8,1,Drew Brees,20,Bench,ACTIVE,18.965964491900003,24.92
855,8,2,Saquon Barkley,2,RB,ACTIVE,19.978302089,28.299999999999997
856,8,2,Melvin Gordon,20,Bench,ACTIVE,13.645783127000001,11.4
857,8,2,Mike Evans,23,Flex,QUESTIONABLE,15.460323177000001,42.8
858,8,2,Julian Edelman,4,WR,QUESTIONABLE,15.179249632000003,27.5
859,8,2,Aaron Jones,2,RB,ACTIVE,17.519465463,41.6
860,8,2,Tyler Lockett,4,WR,ACTIVE,14.2345538062,16.0
861,8,2,DJ Moore,20,Bench,QUESTIONABLE,12.5582722581,8.8
862,8,2,Justin Tucker,20,Bench,ACTIVE,0.0,
863,8,2,Dak Prescott,20,Bench,ACTIVE,0.0,
864,8,2,Marquise Brown,20,Bench,QUESTIONABLE,0.0,
865,8,2,Courtland Sutton,4,WR,ACTIVE,13.456929732,10.2
866,8,2,49ers D/ST,16,Def,NA,6.070978451999999,19.0
867,8,2,Gerald Everett,6,TE,ACTIVE,10.260548459999999,3.5
868,8,2,Matthew Stafford,0,QB,ACTIVE,19.441027143200003,23.38
869,8,2,Matt Prater,17,K,ACTIVE,9.333824158,8.0
870,8,3,Le'Veon Bell,2,RB,ACTIVE,16.73240305,6.500000000000001
871,8,3,Derrick Henry,2,RB,ACTIVE,16.113314553000002,7.3
872,8,3,Sony Michel,23,Flex,ACTIVE,13.762646379700003,7.4
873,8,3,Jarvis Landry,20,Bench,QUESTIONABLE,11.486907907900001,11.5
874,8,3,Bears D/ST,16,Def,NA,7.308575394,7.0
875,8,3,Harrison Butker,17,K,ACTIVE,6.192398991000001,5.0
876,8,3,Tom Brady,20,Bench,ACTIVE,17.4970221272,18.36
877,8,3,Allen Robinson II,4,WR,ACTIVE,13.224508879,11.2
878,8,3,Tyreek Hill,4,WR,ACTIVE,14.9458937276,14.100000000000001
879,8,3,James White,20,Bench,ACTIVE,13.669507029,11.9
880,8,3,Zach Ertz,20,Bench,QUESTIONABLE,12.653072365,4.0
881,8,3,Austin Ekeler,20,Bench,ACTIVE,14.87785819,10.200000000000001
882,8,3,Deshaun Watson,0,QB,ACTIVE,22.330726694,27.76
883,8,3,Dede Westbrook,4,WR,ACTIVE,11.971906172800002,0.0
884,8,3,Jimmy Graham,6,TE,ACTIVE,9.340845084,5.0
885,8,4,DeAndre Hopkins,4,WR,QUESTIONABLE,17.558857155000002,21.9
886,8,4,Ezekiel Elliott,20,Bench,ACTIVE,0.0,
887,8,4,Keenan Allen,4,WR,ACTIVE,10.878350608000002,12.3
888,8,4,Dalvin Cook,2,RB,ACTIVE,23.597939267,28.1
889,8,4,Kenny Golladay,4,WR,ACTIVE,15.236039945,28.3
890,8,4,A.J. Green,20,Bench,QUESTIONABLE,0.0,0.0
891,8,4,Russell Wilson,0,QB,ACTIVE,22.139028291000002,15.68
892,8,4,Leonard Fournette,2,RB,QUESTIONABLE,19.882023278000002,20.6
893,8,4,Darren Waller,6,TE,QUESTIONABLE,15.904457573999998,9.1
894,8,4,Joey Slye,17,K,ACTIVE,7.754927934,4.0
895,8,4,Devin Singletary,20,Bench,ACTIVE,9.069242726999999,14.9
896,8,4,Steelers D/ST,16,Def,NA,11.090034537000001,16.0
897,8,4,Sterling Shepard,20,Bench,ACTIVE,0.0,0.0
898,8,4,DeSean Jackson,20,Bench,ACTIVE,0.0,0.0
899,8,4,Chase Edmonds,23,Flex,ACTIVE,15.322704113,3.3
900,8,5,James Conner,2,RB,QUESTIONABLE,19.249659263999998,24.0
901,8,5,Julio Jones,4,WR,ACTIVE,16.040134882300002,25.200000000000003
902,8,5,Adam Thielen,20,Bench,ACTIVE,0.0,0.0
903,8,5,Josh Jacobs,2,RB,QUESTIONABLE,14.501912916,10.100000000000001
904,8,5,Mark Ingram II,20,Bench,ACTIVE,0.0,
905,8,5,Mike Williams,20,Bench,ACTIVE,11.399369539199999,9.9
906,8,5,Evan Engram,6,TE,QUESTIONABLE,13.511861349400002,14.0
907,8,5,David Montgomery,20,Bench,ACTIVE,11.430189852000003,24.7
908,8,5,Lamar Jackson,20,Bench,ACTIVE,0.0,
909,8,5,Robert Woods,4,WR,ACTIVE,11.875043556100001,6.2
910,8,5,Curtis Samuel,4,WR,ACTIVE,11.282033522700003,8.600000000000001
911,8,5,Josh Lambo,17,K,ACTIVE,9.426385406000001,12.0
912,8,5,Ty Johnson,23,Flex,ACTIVE,12.604971331,4.8
913,8,5,Jaguars D/ST,16,Def,NA,8.773030900000002,18.0
914,8,5,Gardner Minshew II,0,QB,ACTIVE,16.377001022,23.96
915,8,6,Todd Gurley II,2,RB,ACTIVE,17.298839065000003,10.4
916,8,6,Michael Thomas,4,WR,ACTIVE,22.333718673,27.300000000000004
917,8,6,Patrick Mahomes,20,Bench,ACTIVE,0.0,0.0
918,8,6,Amari Cooper,20,Bench,ACTIVE,0.0,
919,8,6,Cooper Kupp,4,WR,ACTIVE,14.634712890799998,35.0
920,8,6,Chris Carson,2,RB,QUESTIONABLE,19.656313685999997,15.0
921,8,6,Sammy Watkins,20,Bench,ACTIVE,9.075528292,9.5
922,8,6,Bills D/ST,20,Bench,NA,8.251142667,3.0
923,8,6,Wil Lutz,17,K,ACTIVE,9.02197748,6.0
924,8,6,Devonta Freeman,23,Flex,ACTIVE,15.015727299999998,16.200000000000003
925,8,6,Patriots D/ST,16,Def,NA,9.574379775,21.0
926,8,6,Austin Hooper,6,TE,ACTIVE,12.842600006,18.5
927,8,6,Jared Goff,0,QB,ACTIVE,16.599657838600002,22.880000000000003
928,8,6,Mohamed Sanu Sr.,20,Bench,QUESTIONABLE,10.747313263800002,4.300000000000001
929,8,6,John Brown,4,WR,ACTIVE,13.103649958700002,10.4
930,8,7,Christian McCaffrey,2,RB,ACTIVE,23.452754703,27.500000000000004
931,8,7,JuJu Smith-Schuster,4,WR,ACTIVE,12.669875499000002,21.3
932,8,7,Tyler Boyd,20,Bench,ACTIVE,14.5402379411,12.8
933,8,7,Matt Ryan,20,Bench,ACTIVE,0.0,0.0
934,8,7,Stefon Diggs,4,WR,ACTIVE,14.414819143899999,19.3
935,8,7,Kyler Murray,0,QB,ACTIVE,18.893246436,10.100000000000001
936,8,7,Odell Beckham Jr.,20,Bench,QUESTIONABLE,13.250870394400001,10.2
937,8,7,Larry Fitzgerald,20,Bench,ACTIVE,12.901059432,2.8
938,8,7,Phillip Lindsay,20,Bench,QUESTIONABLE,13.17779807,12.600000000000001
939,8,7,Hunter Henry,6,TE,ACTIVE,13.234502083000002,8.7
940,8,7,Mason Crosby,17,K,ACTIVE,6.876467088000001,7.0
941,8,7,Marvin Jones Jr.,23,Flex,QUESTIONABLE,13.209392612600002,6.2
942,8,7,Colts D/ST,16,Def,NA,10.302877896,9.0
943,8,7,Corey Davis,4,WR,ACTIVE,11.897081042,2.9
944,8,7,Latavius Murray,2,RB,ACTIVE,19.314614577999997,36.7
945,8,8,David Johnson,20,Bench,ACTIVE,0.0,0.0
946,8,8,Davante Adams,20,Bench,ACTIVE,0.0,0.0
947,8,8,Nick Chubb,2,RB,ACTIVE,16.735043715,10.8
948,8,8,Damien Williams,20,Bench,ACTIVE,8.344537321,9.0
949,8,8,Alshon Jeffery,4,WR,QUESTIONABLE,12.636692994,10.4
950,8,8,Aaron Rodgers,0,QB,ACTIVE,19.12009207,27.1
951,8,8,Christian Kirk,23,Flex,ACTIVE,11.52176943,17.8
952,8,8,Vikings D/ST,16,Def,NA,7.054534552000001,14.0
953,8,8,Michael Gallup,20,Bench,ACTIVE,0.0,
954,8,8,LeSean McCoy,2,RB,ACTIVE,12.177306113,8.3
955,8,8,Mark Andrews,20,Bench,ACTIVE,0.0,
956,8,8,DJ Chark Jr.,4,WR,ACTIVE,12.7690007158,19.9
957,8,8,Chris Godwin,4,WR,QUESTIONABLE,17.566882006,10.3
958,8,8,George Kittle,6,TE,ACTIVE,14.309300720700001,14.6
959,8,8,Zane Gonzalez,17,K,ACTIVE,7.2799872180000005,11.0
960,9,1,Alvin Kamara,20,Bench,ACTIVE,0.0,
961,9,1,Travis Kelce,6,TE,ACTIVE,13.503797591000001,13.2
962,9,1,T.Y. Hilton,20,Bench,ACTIVE,0.0,0.0
963,9,1,Marlon Mack,2,RB,ACTIVE,13.139001241,8.9
964,9,1,Calvin Ridley,20,Bench,QUESTIONABLE,0.0,
965,9,1,Greg Zuerlein,20,Bench,ACTIVE,0.0,
966,9,1,Tyrell Williams,4,WR,QUESTIONABLE,12.623277637,7.800000000000001
967,9,1,Tevin Coleman,2,RB,ACTIVE,16.463634242999998,5.6000000000000005
968,9,1,Josh Allen,0,QB,ACTIVE,19.005536825,17.6
969,9,1,Golden Tate,4,WR,ACTIVE,12.7014648301,11.8
970,9,1,Drew Brees,20,Bench,ACTIVE,0.0,
971,9,1,Cowboys D/ST,16,Def,NA,9.50893589,19.0
972,9,1,Jaylen Samuels,23,Flex,ACTIVE,17.225477826000002,19.3
973,9,1,Jamison Crowder,4,WR,ACTIVE,10.574590776800001,22.3
974,9,1,Jason Myers,17,K,ACTIVE,8.180916743,6.0
975,9,2,Saquon Barkley,2,RB,ACTIVE,19.406286860999998,15.5
976,9,2,Melvin Gordon,20,Bench,ACTIVE,12.337766820000004,25.9
977,9,2,Mike Evans,4,WR,QUESTIONABLE,17.164379258,36.0
978,9,2,Julian Edelman,4,WR,QUESTIONABLE,17.3185009203,16.9
979,9,2,Aaron Jones,2,RB,ACTIVE,17.717981923,3.9
980,9,2,Tyler Lockett,4,WR,ACTIVE,15.704696294,40.2
981,9,2,DJ Moore,23,Flex,QUESTIONABLE,12.790052948600001,17.1
982,9,2,Justin Tucker,17,K,ACTIVE,7.774043259000001,7.0
983,9,2,Dak Prescott,20,Bench,ACTIVE,19.050827388,21.479999999999997
984,9,2,Marquise Brown,20,Bench,QUESTIONABLE,9.717032316000001,7.800000000000001
985,9,2,Courtland Sutton,20,Bench,ACTIVE,11.766285159,17.3
986,9,2,49ers D/ST,16,Def,NA,9.07611942,2.0
987,9,2,Matthew Stafford,0,QB,ACTIVE,20.6152091087,24.840000000000003
988,9,2,T.J. Hockenson,6,TE,QUESTIONABLE,9.090029424,8.600000000000001
989,9,2,Jamaal Williams,20,Bench,ACTIVE,9.852638516,16.9
990,9,3,Le'Veon Bell,2,RB,ACTIVE,18.089728032000004,20.1
991,9,3,Derrick Henry,2,RB,ACTIVE,15.231765322000001,24.900000000000002
992,9,3,Sony Michel,23,Flex,ACTIVE,10.3292465119,4.0
993,9,3,Jarvis Landry,20,Bench,QUESTIONABLE,10.6683716161,17.1
994,9,3,Bears D/ST,16,Def,NA,5.796803371000001,3.0
995,9,3,Harrison Butker,17,K,ACTIVE,5.346579323,18.0
996,9,3,Tom Brady,20,Bench,ACTIVE,16.8951275216,13.4
997,9,3,Allen Robinson II,4,WR,ACTIVE,15.385184523999998,1.6
998,9,3,Tyreek Hill,4,WR,ACTIVE,14.736923505999998,26.5
999,9,3,James White,20,Bench,ACTIVE,13.308025363000002,16.400000000000002
1000,9,3,Zach Ertz,20,Bench,QUESTIONABLE,11.140080331,25.3
1001,9,3,Austin Ekeler,20,Bench,ACTIVE,13.843842530000003,13.3
1002,9,3,Deshaun Watson,0,QB,ACTIVE,21.053230522,19.740000000000002
1003,9,3,Dede Westbrook,4,WR,ACTIVE,0.0,0.0
1004,9,3,Jimmy Graham,6,TE,ACTIVE,7.776466797,5.7
1005,9,4,DeAndre Hopkins,4,WR,QUESTIONABLE,19.040457526999997,19.4
1006,9,4,Ezekiel Elliott,23,Flex,ACTIVE,21.71343157,13.9
1007,9,4,Keenan Allen,4,WR,ACTIVE,14.763607812,7.0
1008,9,4,Dalvin Cook,2,RB,ACTIVE,22.487982218000003,15.600000000000001
1009,9,4,Kenny Golladay,4,WR,ACTIVE,17.177280034,23.200000000000003
1010,9,4,A.J. Green,20,Bench,QUESTIONABLE,0.0,
1011,9,4,Russell Wilson,0,QB,ACTIVE,22.985630764,39.22
1012,9,4,Leonard Fournette,2,RB,QUESTIONABLE,19.224826349,12.2
1013,9,4,Darren Waller,6,TE,QUESTIONABLE,15.419897165,7.2
1014,9,4,Joey Slye,17,K,ACTIVE,8.218467727,5.0
1015,9,4,Devin Singletary,20,Bench,ACTIVE,9.568780602,23.0
1016,9,4,Sterling Shepard,20,Bench,ACTIVE,0.0,0.0
1017,9,4,DeSean Jackson,20,Bench,ACTIVE,10.204978479800001,1.5
1018,9,4,Panthers D/ST,16,Def,NA,7.626295059000001,7.0
1019,9,4,Kenyan Drake,20,Bench,ACTIVE,13.415061391000002,28.2
1020,9,5,James Conner,20,Bench,QUESTIONABLE,0.0,0.0
1021,9,5,Julio Jones,20,Bench,ACTIVE,0.0,
1022,9,5,Adam Thielen,4,WR,ACTIVE,14.543791192499999,0.0
1023,9,5,Josh Jacobs,2,RB,QUESTIONABLE,17.571661612,24.0
1024,9,5,Mark Ingram II,2,RB,ACTIVE,11.645024516,14.4
1025,9,5,Mike Williams,4,WR,ACTIVE,11.3527772763,14.3
1026,9,5,Evan Engram,6,TE,QUESTIONABLE,12.335868399099999,11.0
1027,9,5,David Montgomery,20,Bench,ACTIVE,11.674943945999999,22.6
1028,9,5,Lamar Jackson,20,Bench,ACTIVE,18.030207364,28.62
1029,9,5,Robert Woods,20,Bench,ACTIVE,0.0,
1030,9,5,Curtis Samuel,4,WR,ACTIVE,11.8333587966,16.4
1031,9,5,Josh Lambo,17,K,ACTIVE,9.04909543,3.0
1032,9,5,Jaguars D/ST,16,Def,NA,6.50258903,2.0
1033,9,5,Gardner Minshew II,0,QB,ACTIVE,18.087556281,7.76
1034,9,5,DK Metcalf,23,Flex,ACTIVE,11.897726167,27.0
1035,9,6,Todd Gurley II,20,Bench,ACTIVE,0.0,
1036,9,6,Michael Thomas,20,Bench,ACTIVE,0.0,
1037,9,6,Patrick Mahomes,0,QB,ACTIVE,0.0,0.0
1038,9,6,Amari Cooper,4,WR,ACTIVE,15.064009375000001,18.0
1039,9,6,Cooper Kupp,20,Bench,ACTIVE,0.0,
1040,9,6,Chris Carson,2,RB,QUESTIONABLE,17.600928955,13.3
1041,9,6,Sammy Watkins,4,WR,ACTIVE,10.062572033999999,13.3
1042,9,6,Bills D/ST,20,Bench,NA,12.778971861,10.0
1043,9,6,Wil Lutz,17,K,ACTIVE,0.0,
1044,9,6,Devonta Freeman,23,Flex,ACTIVE,0.0,
1045,9,6,Patriots D/ST,16,Def,NA,6.481837659999999,3.0
1046,9,6,Austin Hooper,6,TE,ACTIVE,0.0,
1047,9,6,Mohamed Sanu Sr.,20,Bench,QUESTIONABLE,10.6805574674,24.1
1048,9,6,John Brown,4,WR,ACTIVE,11.977208635299998,11.600000000000001
1049,9,6,Carlos Hyde,2,RB,ACTIVE,11.521054640700001,14.0
1050,9,7,Christian McCaffrey,2,RB,ACTIVE,25.546814275000003,37.6
1051,9,7,JuJu Smith-Schuster,4,WR,ACTIVE,12.099960793,4.6
1052,9,7,Tyler Boyd,20,Bench,ACTIVE,0.0,
1053,9,7,Matt Ryan,20,Bench,ACTIVE,0.0,
1054,9,7,Stefon Diggs,4,WR,ACTIVE,13.181466419200001,2.6
1055,9,7,Odell Beckham Jr.,4,WR,QUESTIONABLE,12.943971045400001,13.200000000000001
1056,9,7,Larry Fitzgerald,20,Bench,ACTIVE,10.26102806,7.800000000000001
1057,9,7,Phillip Lindsay,2,RB,QUESTIONABLE,14.896126419000002,15.200000000000001
1058,9,7,Hunter Henry,6,TE,ACTIVE,13.792961821,15.4
1059,9,7,Mason Crosby,17,K,ACTIVE,6.745983984,5.0
1060,9,7,Marvin Jones Jr.,23,Flex,QUESTIONABLE,13.6316940144,26.6
1061,9,7,Latavius Murray,20,Bench,ACTIVE,0.0,
1062,9,7,Jameis Winston,0,QB,QUESTIONABLE,19.120537453,20.2
1063,9,7,Royce Freeman,20,Bench,ACTIVE,12.460366386,2.4
1064,9,7,Washington D/ST,16,Def,NA,6.895080057,4.0
1065,9,8,David Johnson,20,Bench,ACTIVE,0.0,0.0
1066,9,8,Davante Adams,4,WR,ACTIVE,17.293845548,11.100000000000001
1067,9,8,Nick Chubb,2,RB,ACTIVE,18.660664894,13.1
1068,9,8,Alshon Jeffery,20,Bench,QUESTIONABLE,11.299832595000002,7.6
1069,9,8,Aaron Rodgers,0,QB,ACTIVE,19.302565652000002,12.940000000000001
1070,9,8,Christian Kirk,20,Bench,ACTIVE,11.8265213744,3.5999999999999996
1071,9,8,Vikings D/ST,16,Def,NA,7.721935836999998,6.0
1072,9,8,Michael Gallup,20,Bench,ACTIVE,12.380341633,11.3
1073,9,8,LeSean McCoy,20,Bench,ACTIVE,10.483061133,1.9
1074,9,8,Mark Andrews,23,Flex,ACTIVE,13.607372597,4.1
1075,9,8,DJ Chark Jr.,4,WR,ACTIVE,14.888331155500001,7.2
1076,9,8,Chris Godwin,4,WR,QUESTIONABLE,18.226941169000003,13.9
1077,9,8,George Kittle,6,TE,ACTIVE,14.510343105200002,19.9
1078,9,8,Zane Gonzalez,17,K,ACTIVE,8.044497605999998,5.0
1079,9,8,Jordan Howard,2,RB,QUESTIONABLE,10.8501663384,15.3
1080,10,1,Alvin Kamara,2,RB,ACTIVE,22.560179031,15.4
1081,10,1,Travis Kelce,6,TE,ACTIVE,17.229704248000004,20.5
1082,10,1,T.Y. Hilton,20,Bench,ACTIVE,0.0,0.0
1083,10,1,Marlon Mack,2,RB,ACTIVE,16.719195895600002,9.200000000000001
1084,10,1,Calvin Ridley,4,WR,QUESTIONABLE,12.959944876,7.700000000000001
1085,10,1,Greg Zuerlein,17,K,ACTIVE,9.031802341999999,3.0
1086,10,1,Tyrell Williams,20,Bench,QUESTIONABLE,11.851469012,5.5
1087,10,1,Tevin Coleman,20,Bench,ACTIVE,16.907461882,11.2
1088,10,1,Golden Tate,4,WR,ACTIVE,13.4302194448,23.5
1089,10,1,Drew Brees,0,QB,ACTIVE,20.0395789741,11.48
1090,10,1,Jaylen Samuels,23,Flex,ACTIVE,15.774604805000001,7.0
1091,10,1,Jamison Crowder,4,WR,ACTIVE,11.9091632512,19.1
1092,10,1,Saints D/ST,16,Def,NA,6.505796714000001,3.0
1093,10,1,Ronald Jones II,20,Bench,ACTIVE,12.715951584,22.6
1094,10,1,Joe Mixon,20,Bench,ACTIVE,11.925856631999999,17.1
1095,10,2,Saquon Barkley,2,RB,ACTIVE,22.356970655999998,8.1
1096,10,2,Melvin Gordon,23,Flex,ACTIVE,15.645364736000001,20.3
1097,10,2,Mike Evans,4,WR,QUESTIONABLE,19.133830650999997,12.200000000000001
1098,10,2,Julian Edelman,20,Bench,QUESTIONABLE,0.0,
1099,10,2,Aaron Jones,2,RB,ACTIVE,19.057786005999997,27.3
1100,10,2,Tyler Lockett,4,WR,ACTIVE,16.297429568800002,5.9
1101,10,2,DJ Moore,20,Bench,QUESTIONABLE,14.165096075700001,21.0
1102,10,2,Justin Tucker,17,K,ACTIVE,8.734191567,7.0
1103,10,2,Dak Prescott,20,Bench,ACTIVE,17.694808497999997,25.880000000000003
1104,10,2,Marquise Brown,4,WR,QUESTIONABLE,9.504201759,18.0
1105,10,2,Courtland Sutton,20,Bench,ACTIVE,0.0,
1106,10,2,49ers D/ST,16,Def,NA,5.150294054,19.0
1107,10,2,Jamaal Williams,20,Bench,ACTIVE,11.217199921,6.300000000000001
1108,10,2,Gerald Everett,6,TE,ACTIVE,9.409923626000001,14.8
1109,10,2,Kyler Murray,0,QB,ACTIVE,18.998373666000003,26.76
1110,10,3,Le'Veon Bell,2,RB,ACTIVE,17.807244439,16.8
1111,10,3,Derrick Henry,2,RB,ACTIVE,15.416716661,33.099999999999994
1112,10,3,Sony Michel,20,Bench,ACTIVE,0.0,
1113,10,3,Jarvis Landry,4,WR,QUESTIONABLE,11.8208989295,24.700000000000003
1114,10,3,Bears D/ST,16,Def,NA,9.972447544,7.0
1115,10,3,Harrison Butker,17,K,ACTIVE,8.852938191,15.0
1116,10,3,Tom Brady,20,Bench,ACTIVE,0.0,
1117,10,3,Allen Robinson II,4,WR,ACTIVE,12.893127951000002,14.6
1118,10,3,Tyreek Hill,4,WR,ACTIVE,18.748016695500002,33.0
1119,10,3,James White,20,Bench,ACTIVE,0.0,
1120,10,3,Zach Ertz,20,Bench,QUESTIONABLE,0.0,
1121,10,3,Austin Ekeler,23,Flex,ACTIVE,14.090249974,12.8
1122,10,3,Deshaun Watson,20,Bench,ACTIVE,0.0,
1123,10,3,Jimmy Graham,6,TE,ACTIVE,8.455025879999999,7.9
1124,10,3,Philip Rivers,0,QB,ACTIVE,17.828086957500002,10.28
1125,10,4,DeAndre Hopkins,20,Bench,QUESTIONABLE,0.0,
1126,10,4,Ezekiel Elliott,2,RB,ACTIVE,19.758583109,8.3
1127,10,4,Keenan Allen,4,WR,ACTIVE,15.9816156939,16.6
1128,10,4,Dalvin Cook,2,RB,ACTIVE,20.611298537,31.300000000000004
1129,10,4,Kenny Golladay,4,WR,ACTIVE,13.218505422,14.7
1130,10,4,A.J. Green,20,Bench,QUESTIONABLE,0.0,0.0
1131,10,4,Russell Wilson,0,QB,ACTIVE,18.405519096,16.58
1132,10,4,Leonard Fournette,20,Bench,QUESTIONABLE,0.0,
1133,10,4,Darren Waller,6,TE,QUESTIONABLE,13.990835745,7.0
1134,10,4,Devin Singletary,23,Flex,ACTIVE,13.061541578,8.0
1135,10,4,Kenyan Drake,20,Bench,ACTIVE,8.485170182000001,10.1
1136,10,4,Colts D/ST,16,Def,NA,10.975382667999998,11.0
1137,10,4,Matt Gay,17,K,ACTIVE,8.708372936000002,14.0
1138,10,4,Dede Westbrook,20,Bench,ACTIVE,0.0,
1139,10,4,DeVante Parker,4,WR,ACTIVE,11.056412483,11.9
1140,10,5,James Conner,20,Bench,QUESTIONABLE,0.0,0.0
1141,10,5,Julio Jones,4,WR,ACTIVE,19.345457408099996,10.9
1142,10,5,Adam Thielen,20,Bench,ACTIVE,0.0,0.0
1143,10,5,Josh Jacobs,2,RB,QUESTIONABLE,17.369976244000004,19.1
1144,10,5,Mark Ingram II,2,RB,ACTIVE,15.753778597,9.4
1145,10,5,Mike Williams,4,WR,ACTIVE,12.0123487254,7.5
1146,10,5,Evan Engram,20,Bench,QUESTIONABLE,0.0,0.0
1147,10,5,David Montgomery,23,Flex,ACTIVE,17.035543215,6.0
1148,10,5,Lamar Jackson,0,QB,ACTIVE,23.623523161,33.42
1149,10,5,Robert Woods,20,Bench,ACTIVE,12.7327955945,16.5
1150,10,5,Curtis Samuel,4,WR,ACTIVE,12.3758246557,13.5
1151,10,5,Jaguars D/ST,20,Bench,NA,,
1152,10,5,Ravens D/ST,16,Def,NA,9.441393054,24.0
1153,10,5,Jason Witten,6,TE,ACTIVE,9.456449451,3.7
1154,10,5,Joey Slye,17,K,ACTIVE,8.903291952999998,6.0
1155,10,6,Todd Gurley II,23,Flex,ACTIVE,14.679418733999999,7.300000000000001
1156,10,6,Michael Thomas,4,WR,ACTIVE,23.244154286000004,28.200000000000003
1157,10,6,Patrick Mahomes,0,QB,ACTIVE,22.349120936,29.84
1158,10,6,Amari Cooper,4,WR,ACTIVE,15.415526756,31.700000000000003
1159,10,6,Cooper Kupp,4,WR,ACTIVE,17.733376638299998,0.0
1160,10,6,Chris Carson,2,RB,QUESTIONABLE,14.444581793,19.099999999999998
1161,10,6,Sammy Watkins,20,Bench,ACTIVE,13.494868232999998,10.100000000000001
1162,10,6,Bills D/ST,16,Def,NA,6.917235922000001,3.0
1163,10,6,Wil Lutz,17,K,ACTIVE,8.976052216,10.0
1164,10,6,Devonta Freeman,2,RB,ACTIVE,13.651134019,7.800000000000001
1165,10,6,Patriots D/ST,20,Bench,NA,,
1166,10,6,Austin Hooper,6,TE,ACTIVE,14.90997239,11.7
1167,10,6,Mohamed Sanu Sr.,20,Bench,QUESTIONABLE,0.0,
1168,10,6,John Brown,20,Bench,ACTIVE,12.8901417214,12.7
1169,10,6,Carlos Hyde,20,Bench,ACTIVE,0.0,
1170,10,7,Christian McCaffrey,2,RB,ACTIVE,25.371369136000002,26.1
1171,10,7,JuJu Smith-Schuster,20,Bench,ACTIVE,11.477541462,7.4
1172,10,7,Tyler Boyd,20,Bench,ACTIVE,13.6198535589,12.2
1173,10,7,Matt Ryan,20,Bench,ACTIVE,19.405047307799997,14.58
1174,10,7,Stefon Diggs,4,WR,ACTIVE,14.549882378,7.9
1175,10,7,Odell Beckham Jr.,4,WR,QUESTIONABLE,12.970280355400002,10.7
1176,10,7,Phillip Lindsay,20,Bench,QUESTIONABLE,0.0,
1177,10,7,Hunter Henry,6,TE,ACTIVE,16.380966978000004,13.0
1178,10,7,Mason Crosby,17,K,ACTIVE,7.801023117,7.0
1179,10,7,Marvin Jones Jr.,20,Bench,QUESTIONABLE,11.275986017700003,12.7
1180,10,7,Latavius Murray,23,Flex,ACTIVE,10.895281306000001,3.9000000000000004
1181,10,7,Jameis Winston,0,QB,QUESTIONABLE,20.120637182000003,18.32
1182,10,7,Emmanuel Sanders,4,WR,ACTIVE,12.826301081,4.4
1183,10,7,Damien Williams,2,RB,ACTIVE,14.015949896,13.899999999999999
1184,10,7,Browns D/ST,16,Def,NA,7.0377082380000004,3.0
1185,10,8,David Johnson,2,RB,ACTIVE,16.205778465,0.0
1186,10,8,Davante Adams,4,WR,ACTIVE,17.908682406,18.8
1187,10,8,Nick Chubb,2,RB,ACTIVE,17.625797501,14.100000000000001
1188,10,8,Aaron Rodgers,0,QB,ACTIVE,21.376354351000003,10.02
1189,10,8,Christian Kirk,4,WR,ACTIVE,13.4379642169,37.8
1190,10,8,Vikings D/ST,16,Def,NA,4.926148887999999,0.0
1191,10,8,Michael Gallup,23,Flex,ACTIVE,11.913754513,17.6
1192,10,8,LeSean McCoy,20,Bench,ACTIVE,0.0,0.0
1193,10,8,Mark Andrews,6,TE,ACTIVE,12.615965903,23.3
1194,10,8,DJ Chark Jr.,20,Bench,ACTIVE,0.0,
1195,10,8,Chris Godwin,4,WR,QUESTIONABLE,16.208671603400003,13.4
1196,10,8,George Kittle,20,Bench,ACTIVE,0.0,0.0
1197,10,8,Zane Gonzalez,17,K,ACTIVE,8.223055238999999,11.0
1198,10,8,Jordan Howard,20,Bench,QUESTIONABLE,0.0,
1199,10,8,DK Metcalf,20,Bench,ACTIVE,11.430989207800001,11.0
1200,11,1,Alvin Kamara,2,RB,ACTIVE,19.852385357000003,22.2
1201,11,1,Travis Kelce,6,TE,ACTIVE,16.014552749,22.200000000000003
1202,11,1,T.Y. Hilton,20,Bench,ACTIVE,0.0,0.0
1203,11,1,Marlon Mack,2,RB,ACTIVE,13.596279030100002,16.9
1204,11,1,Calvin Ridley,4,WR,QUESTIONABLE,12.7402083132,28.3
1205,11,1,Greg Zuerlein,17,K,ACTIVE,9.293718782,5.0
1206,11,1,Tyrell Williams,4,WR,QUESTIONABLE,11.124145469,12.200000000000001
1207,11,1,Tevin Coleman,23,Flex,ACTIVE,14.97610966,9.200000000000001
1208,11,1,Golden Tate,20,Bench,ACTIVE,0.0,
1209,11,1,Drew Brees,0,QB,ACTIVE,18.795910071199998,21.12
1210,11,1,Jamison Crowder,4,WR,ACTIVE,12.1091361253,18.6
1211,11,1,Ronald Jones II,20,Bench,ACTIVE,12.007712698,3.4
1212,11,1,Joe Mixon,20,Bench,ACTIVE,13.575504298,17.3
1213,11,1,Steelers D/ST,16,Def,NA,7.436797923,3.0
1214,11,1,Derrius Guice,20,Bench,ACTIVE,7.009522393,13.9
1215,11,2,Saquon Barkley,20,Bench,ACTIVE,0.0,
1216,11,2,Melvin Gordon,2,RB,ACTIVE,15.635009382000002,12.0
1217,11,2,Mike Evans,4,WR,QUESTIONABLE,16.669812354,10.9
1218,11,2,Julian Edelman,4,WR,QUESTIONABLE,17.0936836745,14.9
1219,11,2,Aaron Jones,20,Bench,ACTIVE,0.0,
1220,11,2,Tyler Lockett,20,Bench,ACTIVE,0.0,
1221,11,2,DJ Moore,4,WR,QUESTIONABLE,14.445582200099999,17.5
1222,11,2,Justin Tucker,17,K,ACTIVE,8.975397067000001,11.0
1223,11,2,Dak Prescott,0,QB,ACTIVE,19.513428704,31.560000000000002
1224,11,2,Marquise Brown,20,Bench,QUESTIONABLE,10.402077792000002,4.300000000000001
1225,11,2,Courtland Sutton,23,Flex,ACTIVE,13.591476842300002,18.82
1226,11,2,49ers D/ST,16,Def,NA,11.336648212,16.0
1227,11,2,Jamaal Williams,20,Bench,ACTIVE,0.0,
1228,11,2,Gerald Everett,6,TE,ACTIVE,9.859861393000001,3.0
1229,11,2,Kareem Hunt,2,RB,ACTIVE,10.451746946,11.8
1230,11,3,Le'Veon Bell,2,RB,ACTIVE,16.298194613,17.2
1231,11,3,Derrick Henry,20,Bench,ACTIVE,0.0,
1232,11,3,Sony Michel,20,Bench,ACTIVE,10.790958815000002,6.4
1233,11,3,Jarvis Landry,4,WR,QUESTIONABLE,12.4469990441,14.3
1234,11,3,Bears D/ST,16,Def,NA,5.416865661999999,8.0
1235,11,3,Harrison Butker,17,K,ACTIVE,9.372196859999999,7.0
1236,11,3,Tom Brady,20,Bench,ACTIVE,17.0551233601,8.540000000000001
1237,11,3,Allen Robinson II,4,WR,ACTIVE,12.440100978,5.5
1238,11,3,Tyreek Hill,4,WR,ACTIVE,19.403539686000002,0.0
1239,11,3,James White,2,RB,ACTIVE,13.101259491,9.6
1240,11,3,Zach Ertz,6,TE,QUESTIONABLE,12.516852452,18.4
1241,11,3,Austin Ekeler,23,Flex,ACTIVE,13.580691210000001,21.200000000000003
1242,11,3,Deshaun Watson,0,QB,ACTIVE,20.545687456000003,3.96
1243,11,3,Jimmy Graham,20,Bench,ACTIVE,0.0,
1244,11,3,Philip Rivers,20,Bench,ACTIVE,15.3653834071,12.120000000000001
1245,11,4,DeAndre Hopkins,4,WR,QUESTIONABLE,20.263168837000002,15.0
1246,11,4,Ezekiel Elliott,2,RB,ACTIVE,20.833335209999998,19.3
1247,11,4,Keenan Allen,4,WR,ACTIVE,14.2088557853,21.1
1248,11,4,Dalvin Cook,2,RB,ACTIVE,23.008600751,16.7
1249,11,4,Kenny Golladay,4,WR,ACTIVE,12.507823624,4.4
1250,11,4,A.J. Green,20,Bench,QUESTIONABLE,0.0,0.0
1251,11,4,Russell Wilson,20,Bench,ACTIVE,0.0,
1252,11,4,Leonard Fournette,23,Flex,QUESTIONABLE,18.822168992,12.700000000000001
1253,11,4,Darren Waller,6,TE,QUESTIONABLE,12.644173005,12.600000000000001
1254,11,4,Devin Singletary,20,Bench,ACTIVE,13.669992531000002,8.9
1255,11,4,Kenyan Drake,20,Bench,ACTIVE,11.196623353000003,14.0
1256,11,4,Matt Gay,17,K,ACTIVE,8.086054456000001,7.0
1257,11,4,Dede Westbrook,20,Bench,ACTIVE,11.1374435143,7.2
1258,11,4,Josh Allen,0,QB,ACTIVE,19.169395889,33.84
1259,11,4,Washington D/ST,16,Def,NA,10.654621506,2.0
1260,11,5,James Conner,23,Flex,QUESTIONABLE,16.514497833999997,2.6
1261,11,5,Julio Jones,4,WR,ACTIVE,17.849013096100002,14.7
1262,11,5,Adam Thielen,20,Bench,ACTIVE,0.0,0.0
1263,11,5,Josh Jacobs,2,RB,QUESTIONABLE,18.535751171,13.400000000000002
1264,11,5,Mark Ingram II,2,RB,ACTIVE,14.969171851000002,23.5
1265,11,5,Mike Williams,20,Bench,ACTIVE,10.296448954,9.600000000000001
1266,11,5,Evan Engram,20,Bench,QUESTIONABLE,0.0,
1267,11,5,David Montgomery,20,Bench,ACTIVE,12.318755735,6.0
1268,11,5,Lamar Jackson,0,QB,ACTIVE,23.994357593000004,32.78
1269,11,5,Robert Woods,4,WR,ACTIVE,0.0,0.0
1270,11,5,Curtis Samuel,4,WR,ACTIVE,12.738764558,6.5
1271,11,5,Jaguars D/ST,16,Def,NA,6.278174986,5.0
1272,11,5,Ravens D/ST,20,Bench,NA,5.74257753,17.0
1273,11,5,Jason Witten,6,TE,ACTIVE,8.100739644,8.3
1274,11,5,Joey Slye,17,K,ACTIVE,8.735507565999999,3.0
1275,11,6,Todd Gurley II,2,RB,ACTIVE,13.426558711000002,20.300000000000004
1276,11,6,Michael Thomas,4,WR,ACTIVE,25.473110494000004,25.4
1277,11,6,Patrick Mahomes,0,QB,ACTIVE,21.605339954,15.18
1278,11,6,Amari Cooper,4,WR,ACTIVE,15.341542801,6.800000000000001
1279,11,6,Cooper Kupp,23,Flex,ACTIVE,15.259361617200002,8.3
1280,11,6,Chris Carson,20,Bench,QUESTIONABLE,0.0,
1281,11,6,Sammy Watkins,20,Bench,ACTIVE,11.955984585000001,4.6
1282,11,6,Wil Lutz,17,K,ACTIVE,8.128139901,11.0
1283,11,6,Devonta Freeman,20,Bench,ACTIVE,0.0,0.0
1284,11,6,Patriots D/ST,16,Def,NA,6.348287028,13.0
1285,11,6,Austin Hooper,20,Bench,ACTIVE,0.0,0.0
1286,11,6,Mohamed Sanu Sr.,4,WR,QUESTIONABLE,12.9352932153,3.1999999999999997
1287,11,6,John Brown,20,Bench,ACTIVE,13.196213428199998,34.7
1288,11,6,Jared Cook,6,TE,ACTIVE,10.409323768,11.3
1289,11,6,Kalen Ballage,2,RB,QUESTIONABLE,9.803130533000001,12.700000000000001
1290,11,7,Christian McCaffrey,2,RB,ACTIVE,27.152375328000005,30.1
1291,11,7,JuJu Smith-Schuster,20,Bench,ACTIVE,11.687956704,4.1
1292,11,7,Tyler Boyd,4,WR,ACTIVE,12.756358890600003,2.0
1293,11,7,Matt Ryan,0,QB,ACTIVE,18.543004669600002,16.439999999999998
1294,11,7,Stefon Diggs,20,Bench,ACTIVE,11.9489886027,23.1
1295,11,7,Odell Beckham Jr.,4,WR,QUESTIONABLE,12.924665990900001,10.0
1296,11,7,Phillip Lindsay,20,Bench,QUESTIONABLE,13.621887464999999,9.5
1297,11,7,Hunter Henry,6,TE,ACTIVE,14.607154627,14.9
1298,11,7,Marvin Jones Jr.,20,Bench,QUESTIONABLE,10.3840821031,19.9
1299,11,7,Emmanuel Sanders,20,Bench,ACTIVE,10.87612514,6.300000000000001
1300,11,7,Damien Williams,2,RB,ACTIVE,13.967568510000001,2.3000000000000003
1301,11,7,Brian Hill,23,Flex,ACTIVE,12.714714116,4.8
1302,11,7,Terry McLaurin,4,WR,QUESTIONABLE,11.888573784,9.9
1303,11,7,Michael Badgley,17,K,ACTIVE,8.645711783000001,9.0
1304,11,7,Bills D/ST,16,Def,NA,8.668755667,9.0
1305,11,8,David Johnson,20,Bench,ACTIVE,9.894584855,0.0
1306,11,8,Davante Adams,20,Bench,ACTIVE,0.0,
1307,11,8,Nick Chubb,2,RB,ACTIVE,16.619290601,9.200000000000001
1308,11,8,Aaron Rodgers,20,Bench,ACTIVE,0.0,
1309,11,8,Christian Kirk,4,WR,ACTIVE,12.466827901499999,10.2
1310,11,8,Vikings D/ST,16,Def,NA,11.075037071999999,3.0
1311,11,8,Michael Gallup,23,Flex,ACTIVE,12.68140825,23.8
1312,11,8,Mark Andrews,6,TE,ACTIVE,13.664581809000001,17.5
1313,11,8,DJ Chark Jr.,4,WR,ACTIVE,14.1736168098,30.4
1314,11,8,Chris Godwin,4,WR,QUESTIONABLE,17.601140467300002,13.7
1315,11,8,George Kittle,20,Bench,ACTIVE,0.0,0.0
1316,11,8,DK Metcalf,20,Bench,ACTIVE,0.0,
1317,11,8,Derek Carr,0,QB,ACTIVE,16.496098032600003,19.78
1318,11,8,Younghoe Koo,17,K,ACTIVE,7.034894697,10.0
1319,11,8,Miles Sanders,2,RB,QUESTIONABLE,14.318801264000001,6.700000000000001
1320,12,1,Alvin Kamara,2,RB,ACTIVE,21.311578186000002,19.200000000000003
1321,12,1,Travis Kelce,20,Bench,ACTIVE,0.0,
1322,12,1,T.Y. Hilton,4,WR,ACTIVE,14.874060967000002,4.8
1323,12,1,Marlon Mack,20,Bench,ACTIVE,0.0,0.0
1324,12,1,Calvin Ridley,4,WR,QUESTIONABLE,13.880027171400002,22.0
1325,12,1,Greg Zuerlein,17,K,ACTIVE,8.864278185,7.0
1326,12,1,Tyrell Williams,20,Bench,QUESTIONABLE,11.074593912000001,3.8
1327,12,1,Tevin Coleman,23,Flex,ACTIVE,16.661085102,12.9
1328,12,1,Golden Tate,20,Bench,ACTIVE,11.439880564,12.3
1329,12,1,Drew Brees,0,QB,ACTIVE,18.9145989576,22.439999999999998
1330,12,1,Jamison Crowder,4,WR,ACTIVE,12.862350282,3.8
1331,12,1,Joe Mixon,20,Bench,ACTIVE,13.462099361,7.9
1332,12,1,Steelers D/ST,16,Def,NA,9.569664315999999,14.0
1333,12,1,Jaylen Samuels,2,RB,ACTIVE,13.661562631999999,6.2
1334,12,1,Ryan Griffin,6,TE,QUESTIONABLE,6.959732236000001,10.3
1335,12,2,Saquon Barkley,2,RB,ACTIVE,18.830644177,8.0
1336,12,2,Melvin Gordon,20,Bench,ACTIVE,0.0,
1337,12,2,Mike Evans,4,WR,QUESTIONABLE,18.965844048000005,9.0
1338,12,2,Julian Edelman,4,WR,QUESTIONABLE,16.2690312906,17.3
1339,12,2,Aaron Jones,2,RB,ACTIVE,14.873262867,3.8000000000000003
1340,12,2,Tyler Lockett,4,WR,ACTIVE,16.392996829800005,4.800000000000001
1341,12,2,DJ Moore,23,Flex,QUESTIONABLE,16.0951945188,31.400000000000002
1342,12,2,Justin Tucker,17,K,ACTIVE,8.624116429,9.0
1343,12,2,Dak Prescott,20,Bench,ACTIVE,16.706806196000002,6.880000000000001
1344,12,2,Marquise Brown,20,Bench,QUESTIONABLE,9.2730454,21.2
1345,12,2,Courtland Sutton,20,Bench,ACTIVE,12.9271078288,3.7
1346,12,2,49ers D/ST,16,Def,NA,5.907308896,14.0
1347,12,2,Kareem Hunt,20,Bench,ACTIVE,12.664990428,12.6
1348,12,2,Greg Olsen,6,TE,ACTIVE,10.590778774000002,9.4
1349,12,2,Jameis Winston,0,QB,QUESTIONABLE,20.393785404000003,24.32
1350,12,3,Le'Veon Bell,2,RB,ACTIVE,15.957569479999998,15.8
1351,12,3,Derrick Henry,2,RB,ACTIVE,19.007820359,28.5
1352,12,3,Sony Michel,20,Bench,ACTIVE,11.213899526000002,8.5
1353,12,3,Jarvis Landry,4,WR,QUESTIONABLE,12.7115898635,36.8
1354,12,3,Bears D/ST,16,Def,NA,9.681428266,7.0
1355,12,3,Harrison Butker,20,Bench,ACTIVE,0.0,
1356,12,3,Tom Brady,20,Bench,ACTIVE,16.786202432,11.3
1357,12,3,Allen Robinson II,4,WR,ACTIVE,13.483511527000001,25.1
1358,12,3,Tyreek Hill,20,Bench,ACTIVE,0.0,
1359,12,3,James White,23,Flex,ACTIVE,14.533776008,0.8999999999999999
1360,12,3,Zach Ertz,6,TE,QUESTIONABLE,14.226064393,27.1
1361,12,3,Austin Ekeler,20,Bench,ACTIVE,0.0,
1362,12,3,Deshaun Watson,0,QB,ACTIVE,20.414622555,18.92
1363,12,3,Nelson Agholor,4,WR,QUESTIONABLE,0.0,0.0
1364,12,3,Austin Seibert,17,K,ACTIVE,8.0399757,11.0
1365,12,4,DeAndre Hopkins,4,WR,QUESTIONABLE,17.051195171000003,27.4
1366,12,4,Ezekiel Elliott,2,RB,ACTIVE,16.513206761999996,16.6
1367,12,4,Keenan Allen,20,Bench,ACTIVE,0.0,
1368,12,4,Dalvin Cook,20,Bench,ACTIVE,0.0,
1369,12,4,Kenny Golladay,4,WR,ACTIVE,12.49380274,10.100000000000001
1370,12,4,Russell Wilson,0,QB,ACTIVE,20.314886314000002,9.5
1371,12,4,Leonard Fournette,2,RB,QUESTIONABLE,18.948242622,36.900000000000006
1372,12,4,Darren Waller,6,TE,QUESTIONABLE,13.821818198000003,7.1000000000000005
1373,12,4,Kenyan Drake,20,Bench,ACTIVE,0.0,
1374,12,4,Matt Gay,17,K,ACTIVE,9.203145518,5.0
1375,12,4,Dede Westbrook,23,Flex,ACTIVE,10.4420068479,14.9
1376,12,4,Josh Allen,20,Bench,ACTIVE,17.639127579000004,19.0
1377,12,4,Saints D/ST,16,Def,NA,8.443934208,4.0
1378,12,4,Alshon Jeffery,20,Bench,QUESTIONABLE,0.0,0.0
1379,12,4,Sterling Shepard,4,WR,ACTIVE,11.3830315652,8.7
1380,12,5,James Conner,20,Bench,QUESTIONABLE,0.0,0.0
1381,12,5,Julio Jones,4,WR,ACTIVE,18.8933439235,11.8
1382,12,5,Adam Thielen,20,Bench,ACTIVE,0.0,
1383,12,5,Josh Jacobs,2,RB,QUESTIONABLE,16.729127773000002,4.6000000000000005
1384,12,5,Mark Ingram II,2,RB,ACTIVE,13.292880648999999,24.8
1385,12,5,Evan Engram,20,Bench,QUESTIONABLE,0.0,0.0
1386,12,5,David Montgomery,23,Flex,ACTIVE,12.891120552,5.1000000000000005
1387,12,5,Lamar Jackson,0,QB,ACTIVE,22.810599416000002,36.26
1388,12,5,Robert Woods,4,WR,ACTIVE,11.0547042681,15.700000000000001
1389,12,5,Curtis Samuel,4,WR,ACTIVE,12.2224248614,5.9
1390,12,5,Jaguars D/ST,20,Bench,NA,7.010477184999999,-3.0
1391,12,5,Ravens D/ST,16,Def,NA,5.013538302999999,13.0
1392,12,5,Joey Slye,17,K,ACTIVE,7.981304496,9.0
1393,12,5,Will Fuller V,20,Bench,QUESTIONABLE,12.636165871,21.0
1394,12,5,Gerald Everett,6,TE,ACTIVE,9.373108977000001,4.300000000000001
1395,12,6,Todd Gurley II,2,RB,ACTIVE,15.507952117,4.9
1396,12,6,Michael Thomas,4,WR,ACTIVE,22.661135357000003,26.1
1397,12,6,Patrick Mahomes,20,Bench,ACTIVE,0.0,
1398,12,6,Amari Cooper,4,WR,ACTIVE,13.205333438,0.0
1399,12,6,Cooper Kupp,4,WR,ACTIVE,13.430554457900001,9.5
1400,12,6,Chris Carson,2,RB,QUESTIONABLE,16.696783097999997,9.7
1401,12,6,Sammy Watkins,20,Bench,ACTIVE,0.0,
1402,12,6,Wil Lutz,17,K,ACTIVE,10.875250204,11.0
1403,12,6,Devonta Freeman,20,Bench,ACTIVE,0.0,0.0
1404,12,6,Patriots D/ST,16,Def,NA,4.95892154,8.0
1405,12,6,Austin Hooper,20,Bench,ACTIVE,0.0,0.0
1406,12,6,Mohamed Sanu Sr.,20,Bench,QUESTIONABLE,0.0,0.0
1407,12,6,John Brown,23,Flex,ACTIVE,12.916770613999997,11.9
1408,12,6,Jared Cook,6,TE,ACTIVE,9.525097191,21.9
1409,12,6,Baker Mayfield,0,QB,ACTIVE,15.5400921697,23.58
1410,12,7,Christian McCaffrey,2,RB,ACTIVE,23.766236577999994,34.3
1411,12,7,JuJu Smith-Schuster,20,Bench,ACTIVE,0.0,0.0
1412,12,7,Tyler Boyd,20,Bench,ACTIVE,10.961166076500001,19.1
1413,12,7,Matt Ryan,0,QB,ACTIVE,21.2573327047,7.64
1414,12,7,Stefon Diggs,20,Bench,ACTIVE,0.0,
1415,12,7,Odell Beckham Jr.,4,WR,QUESTIONABLE,13.395757936700003,20.4
1416,12,7,Phillip Lindsay,2,RB,QUESTIONABLE,12.677998476000003,7.800000000000001
1417,12,7,Hunter Henry,20,Bench,ACTIVE,0.0,
1418,12,7,Marvin Jones Jr.,4,WR,QUESTIONABLE,11.2477042259,9.600000000000001
1419,12,7,Emmanuel Sanders,20,Bench,ACTIVE,11.823528757,2.5
1420,12,7,Bills D/ST,16,Def,NA,10.299021323000002,14.0
1421,12,7,DeVante Parker,4,WR,ACTIVE,12.854229660000001,15.1
1422,12,7,Jacob Hollister,6,TE,ACTIVE,7.941315787000001,4.2
1423,12,7,Tarik Cohen,23,Flex,ACTIVE,11.098625385999998,12.4
1424,12,7,Nick Folk,17,K,ACTIVE,7.662045042999999,7.0
1425,12,8,David Johnson,20,Bench,ACTIVE,0.0,
1426,12,8,Davante Adams,4,WR,ACTIVE,16.860926138,19.3
1427,12,8,Nick Chubb,2,RB,ACTIVE,19.329838152000004,25.400000000000002
1428,12,8,Aaron Rodgers,0,QB,ACTIVE,16.628414628999998,9.46
1429,12,8,Christian Kirk,20,Bench,ACTIVE,0.0,
1430,12,8,Michael Gallup,20,Bench,ACTIVE,11.572127759999999,9.5
1431,12,8,Mark Andrews,6,TE,ACTIVE,13.244947093,6.5
1432,12,8,DJ Chark Jr.,4,WR,ACTIVE,16.2657032766,10.8
1433,12,8,Chris Godwin,4,WR,QUESTIONABLE,16.7417728104,37.400000000000006
1434,12,8,George Kittle,23,Flex,ACTIVE,15.209349708100001,24.9
1435,12,8,DK Metcalf,20,Bench,ACTIVE,12.721991174800003,6.5
1436,12,8,Younghoe Koo,17,K,ACTIVE,8.369552274,11.0
1437,12,8,Ronald Jones II,2,RB,ACTIVE,12.828233878999999,15.700000000000001
1438,12,8,Browns D/ST,16,Def,NA,9.043075044,10.0
1439,12,8,Brandin Cooks,20,Bench,ACTIVE,11.131382969599999,5.300000000000001
1440,13,1,Alvin Kamara,2,RB,ACTIVE,20.778511685999998,12.400000000000002
1441,13,1,Travis Kelce,6,TE,ACTIVE,16.699247038,14.0
1442,13,1,T.Y. Hilton,20,Bench,ACTIVE,0.0,0.0
1443,13,1,Marlon Mack,20,Bench,ACTIVE,0.0,0.0
1444,13,1,Calvin Ridley,4,WR,QUESTIONABLE,14.792019642499998,17.1
1445,13,1,Greg Zuerlein,17,K,ACTIVE,7.7978429590000005,9.0
1446,13,1,Tevin Coleman,20,Bench,ACTIVE,14.365013574,2.5
1447,13,1,Golden Tate,20,Bench,ACTIVE,0.0,0.0
1448,13,1,Drew Brees,0,QB,ACTIVE,18.7940857488,11.26
1449,13,1,Jamison Crowder,4,WR,ACTIVE,12.495058864,2.8
1450,13,1,Joe Mixon,2,RB,ACTIVE,14.027877345000004,17.0
1451,13,1,Jonathan Williams,23,Flex,ACTIVE,13.356776110000002,3.5000000000000004
1452,13,1,Panthers D/ST,16,Def,NA,9.052344932999999,5.0
1453,13,1,Terry McLaurin,4,WR,QUESTIONABLE,11.745052593,2.8
1454,13,1,LeSean McCoy,20,Bench,ACTIVE,12.864669458,12.0
1455,13,2,Saquon Barkley,2,RB,ACTIVE,19.811533192000002,14.5
1456,13,2,Melvin Gordon,20,Bench,ACTIVE,13.848774338,13.0
1457,13,2,Mike Evans,4,WR,QUESTIONABLE,17.61485171,9.3
1458,13,2,Julian Edelman,4,WR,QUESTIONABLE,17.590713082999997,21.900000000000002
1459,13,2,Aaron Jones,2,RB,ACTIVE,15.757452792999999,7.1
1460,13,2,Tyler Lockett,4,WR,ACTIVE,15.461946559400003,0.0
1461,13,2,DJ Moore,23,Flex,QUESTIONABLE,15.482297271300002,19.2
1462,13,2,Justin Tucker,17,K,ACTIVE,9.559002357,9.0
1463,13,2,Dak Prescott,0,QB,ACTIVE,18.625841991,22.700000000000003
1464,13,2,Marquise Brown,20,Bench,QUESTIONABLE,10.121276985,1.1
1465,13,2,Courtland Sutton,20,Bench,ACTIVE,12.971813166699999,23.4
1466,13,2,49ers D/ST,20,Bench,NA,5.118622706,5.0
1467,13,2,Kareem Hunt,20,Bench,ACTIVE,11.731564,17.5
1468,13,2,Greg Olsen,6,TE,ACTIVE,9.97981614,5.2
1469,13,2,Jets D/ST,16,Def,NA,6.167525919000001,3.0
1470,13,3,Le'Veon Bell,2,RB,ACTIVE,17.328938651000005,10.7
1471,13,3,Derrick Henry,2,RB,ACTIVE,16.267017426,23.599999999999998
1472,13,3,Sony Michel,20,Bench,ACTIVE,10.873484911,4.5
1473,13,3,Jarvis Landry,4,WR,QUESTIONABLE,14.379935321000001,13.600000000000001
1474,13,3,Bears D/ST,16,Def,NA,9.877312166,3.0
1475,13,3,Harrison Butker,17,K,ACTIVE,8.952739614999999,10.0
1476,13,3,Tom Brady,0,QB,ACTIVE,17.6543130323,24.340000000000003
1477,13,3,Allen Robinson II,4,WR,ACTIVE,14.388087163,22.6
1478,13,3,Tyreek Hill,4,WR,ACTIVE,19.5896269836,10.1
1479,13,3,James White,20,Bench,ACTIVE,12.649704418999999,37.7
1480,13,3,Zach Ertz,6,TE,QUESTIONABLE,13.290703055,5.4
1481,13,3,Austin Ekeler,23,Flex,ACTIVE,13.004249548999999,16.7
1482,13,3,Deshaun Watson,20,Bench,ACTIVE,16.66951363,28.86
1483,13,3,Nelson Agholor,20,Bench,QUESTIONABLE,9.311919252900001,9.100000000000001
1484,13,4,DeAndre Hopkins,4,WR,QUESTIONABLE,16.239358110999998,15.64
1485,13,4,Ezekiel Elliott,2,RB,ACTIVE,20.197528324,20.700000000000003
1486,13,4,Keenan Allen,4,WR,ACTIVE,13.566086868200001,18.8
1487,13,4,Dalvin Cook,23,Flex,ACTIVE,21.186725047,13.4
1488,13,4,Kenny Golladay,20,Bench,ACTIVE,12.540398165000001,25.8
1489,13,4,Russell Wilson,0,QB,ACTIVE,20.631455516000003,16.9
1490,13,4,Leonard Fournette,2,RB,QUESTIONABLE,20.872706294999997,18.1
1491,13,4,Darren Waller,6,TE,QUESTIONABLE,12.495048185,17.0
1492,13,4,Kenyan Drake,20,Bench,ACTIVE,12.673630074,7.1
1493,13,4,Matt Gay,17,K,ACTIVE,8.551628639999999,8.0
1494,13,4,Dede Westbrook,20,Bench,ACTIVE,12.593848209,19.0
1495,13,4,Josh Allen,20,Bench,ACTIVE,18.633558735,23.54
1496,13,4,Alshon Jeffery,4,WR,QUESTIONABLE,12.692082356,28.700000000000003
1497,13,4,Sterling Shepard,20,Bench,ACTIVE,13.336015008300002,13.0
1498,13,4,Eagles D/ST,16,Def,NA,7.578931444,-1.0
1499,13,5,James Conner,20,Bench,QUESTIONABLE,0.0,0.0
1500,13,5,Julio Jones,4,WR,ACTIVE,0.0,0.0
1501,13,5,Adam Thielen,4,WR,ACTIVE,0.0,0.0
1502,13,5,Josh Jacobs,2,RB,QUESTIONABLE,17.002041044000002,10.4
1503,13,5,Mark Ingram II,2,RB,ACTIVE,14.819468703,8.200000000000001
1504,13,5,Evan Engram,6,TE,QUESTIONABLE,0.0,0.0
1505,13,5,David Montgomery,23,Flex,ACTIVE,11.749810345,16.7
1506,13,5,Lamar Jackson,0,QB,ACTIVE,22.164310812000004,22.3
1507,13,5,Robert Woods,20,Bench,ACTIVE,13.298724573900001,30.2
1508,13,5,Curtis Samuel,20,Bench,ACTIVE,10.8958595869,16.5
1509,13,5,Jaguars D/ST,16,Def,NA,5.882024384000001,6.0
1510,13,5,Ravens D/ST,20,Bench,NA,5.845105373999999,8.0
1511,13,5,Joey Slye,17,K,ACTIVE,7.694448700000001,3.0
1512,13,5,Will Fuller V,4,WR,QUESTIONABLE,12.335973660999999,1.8
1513,13,5,Gerald Everett,20,Bench,ACTIVE,0.0,0.0
1514,13,6,Todd Gurley II,2,RB,ACTIVE,16.718499997,18.5
1515,13,6,Michael Thomas,4,WR,ACTIVE,25.129393948,10.8
1516,13,6,Patrick Mahomes,0,QB,ACTIVE,22.669903177000002,19.5
1517,13,6,Amari Cooper,4,WR,ACTIVE,14.460063180000002,16.5
1518,13,6,Cooper Kupp,20,Bench,ACTIVE,14.7713647477,18.5
1519,13,6,Chris Carson,20,Bench,QUESTIONABLE,15.946747105999998,17.900000000000002
1520,13,6,Sammy Watkins,20,Bench,ACTIVE,11.606785608,0.0
1521,13,6,Wil Lutz,17,K,ACTIVE,7.40844143,17.0
1522,13,6,Devonta Freeman,23,Flex,ACTIVE,14.564095617,10.400000000000002
1523,13,6,Patriots D/ST,16,Def,NA,5.864630968,4.0
1524,13,6,Austin Hooper,20,Bench,ACTIVE,0.0,0.0
1525,13,6,Mohamed Sanu Sr.,20,Bench,QUESTIONABLE,10.8157467662,4.4
1526,13,6,John Brown,4,WR,ACTIVE,13.828840434,10.72
1527,13,6,Jared Cook,6,TE,ACTIVE,11.003642669000001,11.5
1528,13,6,Miles Sanders,2,RB,QUESTIONABLE,16.313997994,21.5
1529,13,7,Christian McCaffrey,2,RB,ACTIVE,28.110525098,17.200000000000003
1530,13,7,JuJu Smith-Schuster,20,Bench,ACTIVE,0.0,0.0
1531,13,7,Tyler Boyd,20,Bench,ACTIVE,13.0436372815,16.9
1532,13,7,Matt Ryan,0,QB,ACTIVE,15.7675409289,16.58
1533,13,7,Stefon Diggs,20,Bench,ACTIVE,14.476060567699998,9.2
1534,13,7,Odell Beckham Jr.,4,WR,QUESTIONABLE,13.706367694899999,5.9
1535,13,7,Phillip Lindsay,2,RB,QUESTIONABLE,14.272813014000002,9.200000000000001
1536,13,7,Hunter Henry,20,Bench,ACTIVE,13.695781851000001,3.0
1537,13,7,Marvin Jones Jr.,4,WR,QUESTIONABLE,11.971376764399999,13.0
1538,13,7,Emmanuel Sanders,20,Bench,ACTIVE,12.287218322000001,8.100000000000001
1539,13,7,Bills D/ST,16,Def,NA,4.443923392,9.0
1540,13,7,DeVante Parker,4,WR,ACTIVE,12.902069412000001,34.9
1541,13,7,Jacob Hollister,6,TE,ACTIVE,8.951378007,10.4
1542,13,7,Tarik Cohen,23,Flex,ACTIVE,12.499024058000002,7.5
1543,13,7,Nick Folk,17,K,ACTIVE,0.0,0.0
1544,13,8,David Johnson,20,Bench,ACTIVE,6.574571193,4.4
1545,13,8,Davante Adams,4,WR,ACTIVE,18.177071796,24.4
1546,13,8,Nick Chubb,2,RB,ACTIVE,18.051990743,8.9
1547,13,8,Aaron Rodgers,0,QB,ACTIVE,18.367287874,28.119999999999997
1548,13,8,Christian Kirk,20,Bench,ACTIVE,13.341455147300001,5.300000000000001
1549,13,8,Michael Gallup,20,Bench,ACTIVE,11.633855017,9.3
1550,13,8,Mark Andrews,6,TE,ACTIVE,11.086401039,14.0
1551,13,8,DJ Chark Jr.,4,WR,ACTIVE,16.4680643468,6.7
1552,13,8,Chris Godwin,4,WR,QUESTIONABLE,17.4216523546,9.0
1553,13,8,George Kittle,23,Flex,ACTIVE,17.834019148099998,3.4000000000000004
1554,13,8,DK Metcalf,20,Bench,ACTIVE,12.460458217800001,11.5
1555,13,8,Younghoe Koo,17,K,ACTIVE,7.136907288,7.0
1556,13,8,Ronald Jones II,2,RB,ACTIVE,13.140502914000002,0.8
1557,13,8,Browns D/ST,16,Def,NA,5.676845958,3.0
1558,13,8,Brandin Cooks,20,Bench,ACTIVE,11.4921730574,4.4
